x_ChCl,T_C,a_ChCl,f_Td,Ni_aq6,NiCl1_aq5,NiCl2_aq4,NiCl3_aq1,NiCl4,NiCit_aq4
0.05,25.0,1.224e-08,0.0,0.9638,0.0328,0.0002,0.0,0.0,0.0031
0.1,25.0,5.333e-08,0.0,0.959,0.0382,0.0003,0.0,0.0,0.0025
0.15,25.0,1.720e-07,0.0,0.9546,0.043,0.0004,0.0,0.0,0.002
0.2,25.0,4.859e-07,0.0,0.9502,0.0478,0.0005,0.0,0.0,0.0015
0.25,25.0,1.265e-06,0.0,0.9456,0.0526,0.0006,0.0,0.0,0.0011
0.3,25.0,3.101e-06,0.0,0.9408,0.0576,0.0008,0.0,0.0,0.0008
0.35,25.0,7.237e-06,0.0,0.9358,0.0626,0.0009,0.0,0.0,0.0006
0.4,25.0,1.617e-05,0.0,0.9307,0.0678,0.0011,0.0,0.0,0.0004
0.45,25.0,3.469e-05,0.0,0.9253,0.0731,0.0013,0.0,0.0,0.0003
0.5,25.0,7.161e-05,0.0001,0.9199,0.0784,0.0015,0.0001,0.0,0.0002
0.55,25.0,1.423e-04,0.0001,0.9143,0.0838,0.0017,0.0001,0.0,0.0001
0.6,25.0,2.726e-04,0.0001,0.9087,0.0892,0.0019,0.0001,0.0,0.0001
0.65,25.0,5.035e-04,0.0001,0.9031,0.0946,0.0022,0.0001,0.0,0.0001
0.7,25.0,8.969e-04,0.0001,0.8975,0.1,0.0024,0.0001,0.0,0.0
0.75,25.0,1.542e-03,0.0001,0.8919,0.1052,0.0027,0.0001,0.0,0.0
0.8,25.0,2.559e-03,0.0002,0.8865,0.1103,0.003,0.0002,0.0,0.0
0.85,25.0,4.105e-03,0.0002,0.8812,0.1153,0.0033,0.0002,0.0,0.0
0.9,25.0,6.367e-03,0.0002,0.8761,0.1201,0.0036,0.0002,0.0,0.0
0.95,25.0,9.560e-03,0.0002,0.8712,0.1246,0.0039,0.0002,0.0,0.0
0.05,30.0,2.063e-08,0.0,0.9592,0.0366,0.0003,0.0,0.0,0.0039
0.1,30.0,8.719e-08,0.0,0.954,0.0424,0.0004,0.0,0.0,0.0031
0.15,30.0,2.728e-07,0.0,0.9493,0.0476,0.0006,0.0,0.0,0.0025
0.2,30.0,7.478e-07,0.0,0.9447,0.0527,0.0007,0.0,0.0,0.0019
0.25,30.0,1.889e-06,0.0,0.9398,0.0578,0.0008,0.0,0.0,0.0015
0.3,30.0,4.499e-06,0.0,0.9348,0.063,0.001,0.0,0.0,0.0011
0.35,30.0,1.020e-05,0.0001,0.9296,0.0684,0.0012,0.0001,0.0,0.0008
0.4,30.0,2.217e-05,0.0001,0.9242,0.0738,0.0014,0.0001,0.0,0.0006
0.45,30.0,4.632e-05,0.0001,0.9186,0.0793,0.0016,0.0001,0.0,0.0004
0.5,30.0,9.318e-05,0.0001,0.9129,0.0848,0.0018,0.0001,0.0,0.0003
0.55,30.0,1.807e-04,0.0002,0.9072,0.0904,0.0021,0.0002,0.0,0.0002
0.6,30.0,3.383e-04,0.0002,0.9013,0.096,0.0024,0.0002,0.0,0.0001
0.65,30.0,6.113e-04,0.0002,0.8955,0.1015,0.0027,0.0002,0.0,0.0001
0.7,30.0,1.067e-03,0.0003,0.8897,0.107,0.003,0.0003,0.0,0.0
0.75,30.0,1.799e-03,0.0003,0.884,0.1123,0.0033,0.0003,0.0,0.0
0.8,30.0,2.935e-03,0.0004,0.8784,0.1175,0.0037,0.0004,0.0,0.0
0.85,30.0,4.633e-03,0.0004,0.873,0.1226,0.004,0.0004,0.0,0.0
0.9,30.0,7.082e-03,0.0005,0.8677,0.1274,0.0044,0.0005,0.0,0.0
0.95,30.0,1.049e-02,0.0005,0.8627,0.1321,0.0047,0.0005,0.0,0.0
0.05,35.0,3.386e-08,0.0,0.9542,0.0406,0.0004,0.0,0.0,0.0048
0.1,35.0,1.390e-07,0.0,0.9486,0.0468,0.0006,0.0,0.0,0.0039
0.15,35.0,4.225e-07,0.0001,0.9437,0.0524,0.0007,0.0001,0.0,0.0031
0.2,35.0,1.125e-06,0.0001,0.9388,0.0578,0.0009,0.0001,0.0,0.0024
0.25,35.0,2.764e-06,0.0001,0.9337,0.0633,0.0011,0.0001,0.0,0.0019
0.3,35.0,6.401e-06,0.0001,0.9285,0.0687,0.0013,0.0001,0.0,0.0014
0.35,35.0,1.413e-05,0.0002,0.923,0.0743,0.0015,0.0002,0.0,0.001
0.4,35.0,2.992e-05,0.0002,0.9174,0.0799,0.0017,0.0002,0.0,0.0008
0.45,35.0,6.093e-05,0.0002,0.9116,0.0856,0.002,0.0002,0.0,0.0005
0.5,35.0,1.196e-04,0.0003,0.9057,0.0914,0.0023,0.0003,0.0,0.0004
0.55,35.0,2.267e-04,0.0004,0.8996,0.0971,0.0026,0.0004,0.0,0.0003
0.6,35.0,4.152e-04,0.0004,0.8936,0.1028,0.003,0.0004,0.0,0.0002
0.65,35.0,7.349e-04,0.0005,0.8876,0.1085,0.0033,0.0005,0.0,0.0001
0.7,35.0,1.258e-03,0.0006,0.8816,0.1141,0.0037,0.0006,0.0,0.0001
0.75,35.0,2.084e-03,0.0007,0.8757,0.1195,0.0041,0.0007,0.0,0.0
0.8,35.0,3.344e-03,0.0008,0.8699,0.1248,0.0045,0.0008,0.0,0.0
0.85,35.0,5.198e-03,0.001,0.8642,0.1299,0.0049,0.001,0.0,0.0
0.9,35.0,7.836e-03,0.0011,0.8588,0.1348,0.0053,0.0011,0.0,0.0
0.95,35.0,1.146e-02,0.0012,0.8536,0.1395,0.0057,0.0012,0.0,0.0
0.05,40.0,5.418e-08,0.0001,0.9487,0.0448,0.0006,0.0001,0.0,0.0059
0.1,40.0,2.163e-07,0.0001,0.9428,0.0515,0.0007,0.0001,0.0,0.0048
0.15,40.0,6.397e-07,0.0001,0.9376,0.0574,0.0009,0.0001,0.0,0.0039
0.2,40.0,1.658e-06,0.0002,0.9324,0.0632,0.0011,0.0002,0.0,0.0031
0.25,40.0,3.965e-06,0.0002,0.9272,0.0689,0.0014,0.0002,0.0,0.0024
0.3,40.0,8.945e-06,0.0003,0.9217,0.0746,0.0016,0.0003,0.0,0.0018
0.35,40.0,1.925e-05,0.0004,0.916,0.0804,0.0019,0.0004,0.0,0.0013
0.4,40.0,3.975e-05,0.0005,0.9101,0.0863,0.0022,0.0005,0.0,0.001
0.45,40.0,7.904e-05,0.0006,0.904,0.0922,0.0025,0.0006,0.0,0.0007
0.5,40.0,1.517e-04,0.0007,0.8979,0.0981,0.0028,0.0007,0.0,0.0005
0.55,40.0,2.812e-04,0.0009,0.8916,0.104,0.0032,0.0009,0.0,0.0003
0.6,40.0,5.044e-04,0.001,0.8853,0.1098,0.0036,0.001,0.0,0.0002
0.65,40.0,8.755e-04,0.0012,0.879,0.1156,0.004,0.0012,0.0,0.0001
0.7,40.0,1.472e-03,0.0014,0.8728,0.1212,0.0045,0.0014,0.0,0.0001
0.75,40.0,2.397e-03,0.0017,0.8666,0.1267,0.0049,0.0017,0.0,0.0001
0.8,40.0,3.786e-03,0.0019,0.8606,0.1321,0.0054,0.0019,0.0,0.0
0.85,40.0,5.801e-03,0.0022,0.8547,0.1372,0.0059,0.0022,0.0,0.0
0.9,40.0,8.630e-03,0.0024,0.8491,0.1422,0.0063,0.0024,0.0,0.0
0.95,40.0,1.248e-02,0.0027,0.8436,0.1469,0.0068,0.0027,0.0,0.0
0.05,45.0,8.466e-08,0.0001,0.9428,0.0492,0.0007,0.0001,0.0,0.0071
0.1,45.0,3.292e-07,0.0002,0.9366,0.0564,0.001,0.0002,0.0,0.0059
0.15,45.0,9.484e-07,0.0003,0.931,0.0627,0.0012,0.0003,0.0,0.0048
0.2,45.0,2.395e-06,0.0004,0.9256,0.0687,0.0014,0.0004,0.0,0.0038
0.25,45.0,5.585e-06,0.0006,0.9201,0.0747,0.0017,0.0006,0.0,0.003
0.3,45.0,1.229e-05,0.0007,0.9143,0.0807,0.002,0.0007,0.0,0.0023
0.35,45.0,2.581e-05,0.0009,0.9084,0.0867,0.0023,0.0009,0.0,0.0017
0.4,45.0,5.206e-05,0.0011,0.9022,0.0928,0.0027,0.0011,0.0,0.0013
0.45,45.0,1.012e-04,0.0013,0.8959,0.0988,0.0031,0.0013,0.0,0.0009
0.5,45.0,1.900e-04,0.0016,0.8894,0.1049,0.0035,0.0016,0.0,0.0006
0.55,45.0,3.451e-04,0.002,0.8828,0.1109,0.0039,0.002,0.0,0.0004
0.6,45.0,6.069e-04,0.0023,0.8762,0.1168,0.0044,0.0023,0.0,0.0003
0.65,45.0,1.034e-03,0.0027,0.8696,0.1226,0.0049,0.0027,0.0,0.0002
0.7,45.0,1.709e-03,0.0032,0.863,0.1283,0.0054,0.0032,0.0,0.0001
0.75,45.0,2.739e-03,0.0037,0.8565,0.1339,0.0059,0.0037,0.0,0.0001
0.8,45.0,4.261e-03,0.0042,0.8501,0.1392,0.0064,0.0042,0.0,0.0
0.85,45.0,6.440e-03,0.0047,0.8439,0.1444,0.007,0.0047,0.0,0.0
0.9,45.0,9.462e-03,0.0053,0.8379,0.1493,0.0075,0.0053,0.0,0.0
0.95,45.0,1.352e-02,0.0059,0.8321,0.154,0.008,0.0059,0.0,0.0
0.05,50.0,1.294e-07,0.0004,0.9364,0.0537,0.0009,0.0004,0.0,0.0086
0.1,50.0,4.906e-07,0.0005,0.9297,0.0614,0.0012,0.0005,0.0,0.0071
0.15,50.0,1.379e-06,0.0007,0.9239,0.0681,0.0015,0.0007,0.0,0.0058
0.2,50.0,3.398e-06,0.001,0.9181,0.0744,0.0018,0.001,0.0,0.0047
0.25,50.0,7.732e-06,0.0013,0.9123,0.0807,0.0021,0.0013,0.0,0.0037
0.3,50.0,1.662e-05,0.0016,0.9062,0.0869,0.0025,0.0016,0.0,0.0028
0.35,50.0,3.411e-05,0.002,0.8999,0.0931,0.0029,0.002,0.0,0.0021
0.4,50.0,6.727e-05,0.0025,0.8933,0.0993,0.0033,0.0025,0.0,0.0016
0.45,50.0,1.280e-04,0.003,0.8866,0.1055,0.0038,0.003,0.0,0.0012
0.5,50.0,2.354e-04,0.0036,0.8797,0.1116,0.0042,0.0036,0.0,0.0008
0.55,50.0,4.192e-04,0.0043,0.8727,0.1177,0.0048,0.0043,0.0,0.0006
0.6,50.0,7.236e-04,0.0051,0.8656,0.1237,0.0053,0.0051,0.0,0.0004
0.65,50.0,1.212e-03,0.0059,0.8584,0.1295,0.0058,0.0059,0.0,0.0003
0.7,50.0,1.969e-03,0.0068,0.8513,0.1352,0.0064,0.0068,0.0,0.0002
0.75,50.0,3.109e-03,0.0078,0.8443,0.1407,0.007,0.0078,0.0,0.0001
0.8,50.0,4.769e-03,0.0089,0.8373,0.1461,0.0076,0.0089,0.0,0.0001
0.85,50.0,7.115e-03,0.01,0.8306,0.1511,0.0082,0.01,0.0,0.0
0.9,50.0,1.033e-02,0.0112,0.824,0.156,0.0088,0.0112,0.0,0.0
0.95,50.0,1.460e-02,0.0124,0.8176,0.1605,0.0094,0.0124,0.0,0.0
0.05,55.0,1.936e-07,0.0008,0.9292,0.0585,0.0012,0.0008,0.0,0.0103
0.1,55.0,7.169e-07,0.0012,0.922,0.0666,0.0015,0.0012,0.0,0.0086
0.15,55.0,1.967e-06,0.0017,0.9158,0.0736,0.0019,0.0017,0.0,0.007
0.2,55.0,4.736e-06,0.0022,0.9096,0.0803,0.0022,0.0022,0.0,0.0057
0.25,55.0,1.053e-05,0.0028,0.9033,0.0867,0.0026,0.0028,0.0,0.0045
0.3,55.0,2.214e-05,0.0036,0.8968,0.0931,0.0031,0.0036,0.0,0.0035
0.35,55.0,4.445e-05,0.0044,0.8899,0.0995,0.0035,0.0044,0.0,0.0027
0.4,55.0,8.583e-05,0.0054,0.8828,0.1058,0.004,0.0054,0.0,0.002
0.45,55.0,1.600e-04,0.0065,0.8754,0.1121,0.0045,0.0065,0.0,0.0015
0.5,55.0,2.886e-04,0.0078,0.8679,0.1182,0.0051,0.0078,0.0,0.0011
0.55,55.0,5.045e-04,0.0092,0.8601,0.1243,0.0057,0.0092,0.0,0.0007
0.6,55.0,8.556e-04,0.0108,0.8522,0.1302,0.0063,0.0108,0.0,0.0005
0.65,55.0,1.409e-03,0.0125,0.8442,0.136,0.0069,0.0125,0.0,0.0003
0.7,55.0,2.255e-03,0.0144,0.8362,0.1416,0.0076,0.0144,0.0,0.0002
0.75,55.0,3.508e-03,0.0164,0.8283,0.1469,0.0083,0.0164,0.0,0.0001
0.8,55.0,5.310e-03,0.0185,0.8204,0.1521,0.0089,0.0185,0.0,0.0001
0.85,55.0,7.824e-03,0.0207,0.8127,0.1569,0.0096,0.0207,0.0,0.0
0.9,55.0,1.123e-02,0.023,0.8052,0.1615,0.0103,0.023,0.0,0.0
0.95,55.0,1.571e-02,0.0254,0.7979,0.1659,0.0109,0.0254,0.0,0.0
0.05,60.0,2.841e-07,0.0018,0.9212,0.0633,0.0015,0.0018,0.0,0.0122
0.1,60.0,1.028e-06,0.0027,0.9132,0.0719,0.0019,0.0027,0.0,0.0102
0.15,60.0,2.759e-06,0.0037,0.9063,0.0792,0.0023,0.0037,0.0,0.0084
0.2,60.0,6.496e-06,0.0048,0.8995,0.0861,0.0028,0.0048,0.0,0.0068
0.25,60.0,1.414e-05,0.0061,0.8925,0.0927,0.0032,0.0061,0.0,0.0054
0.3,60.0,2.908e-05,0.0077,0.8851,0.0993,0.0037,0.0077,0.0,0.0043
0.35,60.0,5.718e-05,0.0094,0.8774,0.1057,0.0043,0.0094,0.0,0.0033
0.4,60.0,1.082e-04,0.0114,0.8693,0.112,0.0048,0.0114,0.0,0.0025
0.45,60.0,1.979e-04,0.0137,0.8608,0.1182,0.0054,0.0137,0.0,0.0018
0.5,60.0,3.504e-04,0.0162,0.8521,0.1243,0.0061,0.0162,0.0,0.0013
0.55,60.0,6.017e-04,0.0191,0.8431,0.1302,0.0067,0.0191,0.0,0.0009
0.6,60.0,1.004e-03,0.0222,0.8338,0.136,0.0074,0.0222,0.0,0.0006
0.65,60.0,1.627e-03,0.0255,0.8244,0.1415,0.0081,0.0255,0.0,0.0004
0.7,60.0,2.565e-03,0.0292,0.815,0.1467,0.0088,0.0292,0.0,0.0003
0.75,60.0,3.936e-03,0.033,0.8055,0.1517,0.0096,0.033,0.0,0.0002
0.8,60.0,5.883e-03,0.0371,0.796,0.1565,0.0103,0.0371,0.0,0.0001
0.85,60.0,8.567e-03,0.0413,0.7867,0.1609,0.011,0.0413,0.0,0.0001
0.9,60.0,1.217e-02,0.0456,0.7776,0.1651,0.0117,0.0456,0.0,0.0
0.95,60.0,1.686e-02,0.05,0.7687,0.1689,0.0124,0.05,0.0,0.0
0.05,65.0,4.093e-07,0.004,0.9116,0.0682,0.0018,0.004,0.0,0.0144
0.1,65.0,1.449e-06,0.0059,0.9025,0.0772,0.0023,0.0059,0.0,0.0121
0.15,65.0,3.806e-06,0.008,0.8945,0.0847,0.0028,0.008,0.0,0.01
0.2,65.0,8.774e-06,0.0103,0.8865,0.0917,0.0033,0.0103,0.0,0.0081
0.25,65.0,1.870e-05,0.0129,0.8782,0.0985,0.0039,0.0129,0.0,0.0065
0.3,65.0,3.769e-05,0.016,0.8694,0.105,0.0045,0.016,0.0,0.0051
0.35,65.0,7.268e-05,0.0195,0.8601,0.1113,0.0051,0.0195,0.0,0.004
0.4,65.0,1.350e-04,0.0235,0.8503,0.1175,0.0057,0.0235,0.0,0.003
0.45,65.0,2.422e-04,0.0279,0.84,0.1235,0.0064,0.0279,0.0,0.0022
0.5,65.0,4.214e-04,0.0328,0.8292,0.1292,0.0071,0.0328,0.0,0.0016
0.55,65.0,7.117e-04,0.0382,0.818,0.1347,0.0078,0.0382,0.0,0.0012
0.6,65.0,1.168e-03,0.0441,0.8065,0.14,0.0086,0.0441,0.0,0.0008
0.65,65.0,1.866e-03,0.0504,0.7947,0.1449,0.0093,0.0504,0.0,0.0005
0.7,65.0,2.901e-03,0.0571,0.7828,0.1496,0.0101,0.0571,0.0,0.0004
0.75,65.0,4.394e-03,0.0642,0.7708,0.1539,0.0108,0.0642,0.0,0.0002
0.8,65.0,6.487e-03,0.0715,0.7589,0.1579,0.0116,0.0715,0.0,0.0001
0.85,65.0,9.342e-03,0.079,0.747,0.1615,0.0123,0.079,0.0,0.0001
0.9,65.0,1.313e-02,0.0867,0.7354,0.1649,0.013,0.0866,0.0,0.0
0.95,65.0,1.802e-02,0.0943,0.7241,0.1678,0.0137,0.0943,0.0,0.0
0.05,70.0,5.794e-07,0.0085,0.8995,0.0731,0.0022,0.0085,0.0,0.0168
0.1,70.0,2.010e-06,0.0124,0.8883,0.0823,0.0028,0.0124,0.0,0.0141
0.15,70.0,5.170e-06,0.0166,0.8784,0.0899,0.0034,0.0166,0.0,0.0117
0.2,70.0,1.168e-05,0.0212,0.8683,0.0969,0.004,0.0212,0.0,0.0096
0.25,70.0,2.441e-05,0.0265,0.8577,0.1035,0.0046,0.0264,0.0,0.0077
0.3,70.0,4.826e-05,0.0324,0.8465,0.1098,0.0053,0.0324,0.0,0.0061
0.35,70.0,9.132e-05,0.0391,0.8345,0.1157,0.006,0.0391,0.0,0.0047
0.4,70.0,1.665e-04,0.0466,0.8217,0.1214,0.0067,0.0466,0.0,0.0036
0.45,70.0,2.937e-04,0.0549,0.8082,0.1268,0.0074,0.0549,0.0,0.0027
0.5,70.0,5.025e-04,0.0639,0.7941,0.1319,0.0081,0.0639,0.0,0.002
0.55,70.0,8.352e-04,0.0737,0.7794,0.1366,0.0089,0.0737,0.0,0.0014
0.6,70.0,1.351e-03,0.0842,0.7643,0.1409,0.0097,0.0842,0.0,0.001
0.65,70.0,2.126e-03,0.0952,0.7488,0.1449,0.0104,0.0952,0.0,0.0007
0.7,70.0,3.262e-03,0.1068,0.7332,0.1484,0.0112,0.1068,0.0,0.0004
0.75,70.0,4.880e-03,0.1188,0.7175,0.1516,0.0119,0.1187,0.0,0.0003
0.8,70.0,7.122e-03,0.131,0.7019,0.1543,0.0126,0.131,0.0,0.0002
0.85,70.0,1.015e-02,0.1434,0.6866,0.1567,0.0133,0.1433,0.0,0.0001
0.9,70.0,1.412e-02,0.1557,0.6716,0.1587,0.0139,0.1557,0.0,0.0
0.95,70.0,1.921e-02,0.168,0.657,0.1604,0.0145,0.1679,0.0,0.0
0.05,75.0,8.068e-07,0.0174,0.8829,0.0776,0.0027,0.0174,0.0,0.0194
0.1,75.0,2.744e-06,0.0253,0.8682,0.0869,0.0034,0.0253,0.0,0.0163
0.15,75.0,6.923e-06,0.0334,0.8547,0.0943,0.0041,0.0333,0.0,0.0136
0.2,75.0,1.534e-05,0.0422,0.841,0.1009,0.0047,0.0422,0.0,0.0111
0.25,75.0,3.146e-05,0.0521,0.8265,0.107,0.0054,0.0521,0.0,0.0089
0.3,75.0,6.106e-05,0.0631,0.8111,0.1126,0.0061,0.0631,0.0,0.007
0.35,75.0,1.135e-04,0.0753,0.7946,0.1178,0.0068,0.0753,0.0,0.0055
0.4,75.0,2.034e-04,0.0886,0.7771,0.1226,0.0076,0.0886,0.0,0.0042
0.45,75.0,3.529e-04,0.103,0.7587,0.1268,0.0083,0.103,0.0,0.0031
0.5,75.0,5.943e-04,0.1185,0.7396,0.1307,0.009,0.1184,0.0,0.0023
0.55,75.0,9.730e-04,0.1348,0.7199,0.134,0.0097,0.1348,0.0,0.0016
0.6,75.0,1.551e-03,0.1519,0.6997,0.1368,0.0104,0.1519,0.0,0.0011
0.65,75.0,2.409e-03,0.1696,0.6793,0.1391,0.0111,0.1696,0.0,0.0008
0.7,75.0,3.649e-03,0.1877,0.659,0.141,0.0118,0.1877,0.0,0.0005
0.75,75.0,5.394e-03,0.206,0.6388,0.1425,0.0124,0.2059,0.0001,0.0003
0.8,75.0,7.787e-03,0.2242,0.619,0.1435,0.013,0.2242,0.0001,0.0002
0.85,75.0,1.098e-02,0.2423,0.5998,0.1442,0.0135,0.2423,0.0001,0.0001
0.9,75.0,1.514e-02,0.26,0.5813,0.1446,0.014,0.26,0.0001,0.0001
0.95,75.0,2.043e-02,0.2772,0.5636,0.1447,0.0145,0.2771,0.0001,0.0
0.05,80.0,1.106e-06,0.0347,0.8586,0.0814,0.0032,0.0347,0.0,0.0221
0.1,80.0,3.692e-06,0.0496,0.8376,0.0902,0.004,0.0496,0.0,0.0185
0.15,80.0,9.142e-06,0.0646,0.8183,0.097,0.0047,0.0646,0.0,0.0153
0.2,80.0,1.989e-05,0.0807,0.7986,0.1028,0.0054,0.0807,0.0,0.0125
0.25,80.0,4.007e-05,0.0982,0.7779,0.1078,0.0061,0.0982,0.0,0.01
0.3,80.0,7.642e-05,0.1171,0.756,0.1122,0.0068,0.1171,0.0,0.0079
0.35,80.0,1.397e-04,0.1375,0.733,0.1159,0.0075,0.1374,0.0,0.0061
0.4,80.0,2.462e-04,0.1592,0.709,0.1191,0.0082,0.1591,0.0,0.0046
0.45,80.0,4.205e-04,0.182,0.6841,0.1216,0.0089,0.182,0.0,0.0034
0.5,80.0,6.974e-04,0.2058,0.6588,0.1235,0.0095,0.2057,0.0,0.0025
0.55,80.0,1.125e-03,0.2302,0.6331,0.1249,0.0101,0.2301,0.0001,0.0018
0.6,80.0,1.770e-03,0.2549,0.6075,0.1257,0.0107,0.2549,0.0001,0.0012
0.65,80.0,2.713e-03,0.2798,0.5822,0.126,0.0112,0.2797,0.0001,0.0008
0.7,80.0,4.061e-03,0.3044,0.5574,0.1259,0.0117,0.3044,0.0001,0.0005
0.75,80.0,5.936e-03,0.3286,0.5335,0.1254,0.0121,0.3285,0.0001,0.0003
0.8,80.0,8.480e-03,0.3522,0.5105,0.1246,0.0125,0.352,0.0001,0.0002
0.85,80.0,1.184e-02,0.3748,0.4887,0.1236,0.0128,0.3747,0.0001,0.0001
0.9,80.0,1.619e-02,0.3964,0.4681,0.1224,0.0131,0.3962,0.0001,0.0001
0.95,80.0,2.166e-02,0.4168,0.4488,0.121,0.0134,0.4167,0.0001,0.0
0.05,85.0,1.495e-06,0.0666,0.8214,0.0838,0.0037,0.0665,0.0,0.0245
0.1,85.0,4.899e-06,0.0933,0.7903,0.0914,0.0045,0.0933,0.0,0.0204
0.15,85.0,1.192e-05,0.1193,0.7619,0.0968,0.0053,0.1192,0.0,0.0168
0.2,85.0,2.549e-05,0.1461,0.7334,0.101,0.006,0.1461,0.0,0.0135
0.25,85.0,5.046e-05,0.1742,0.7042,0.1042,0.0066,0.1742,0.0,0.0108
0.3,85.0,9.465e-05,0.2036,0.6741,0.1067,0.0073,0.2035,0.0,0.0084
0.35,85.0,1.702e-04,0.2341,0.6434,0.1083,0.0078,0.234,0.0001,0.0064
0.4,85.0,2.954e-04,0.2653,0.6123,0.1093,0.0084,0.2652,0.0001,0.0048
0.45,85.0,4.969e-04,0.2969,0.5811,0.1096,0.0089,0.2969,0.0001,0.0035
0.5,85.0,8.124e-04,0.3286,0.5502,0.1093,0.0093,0.3285,0.0001,0.0026
0.55,85.0,1.293e-03,0.3599,0.5201,0.1085,0.0097,0.3598,0.0001,0.0018
0.6,85.0,2.007e-03,0.3906,0.4909,0.1073,0.0101,0.3904,0.0001,0.0012
0.65,85.0,3.040e-03,0.4202,0.4629,0.1057,0.0104,0.42,0.0001,0.0008
0.7,85.0,4.498e-03,0.4485,0.4364,0.1039,0.0106,0.4484,0.0002,0.0005
0.75,85.0,6.505e-03,0.4755,0.4115,0.1018,0.0108,0.4753,0.0002,0.0003
0.8,85.0,9.200e-03,0.5008,0.3883,0.0997,0.011,0.5006,0.0002,0.0002
0.85,85.0,1.273e-02,0.5244,0.3669,0.0975,0.0111,0.5243,0.0002,0.0001
0.9,85.0,1.725e-02,0.5464,0.3471,0.0952,0.0112,0.5462,0.0002,0.0001
0.95,85.0,2.290e-02,0.5666,0.329,0.093,0.0113,0.5664,0.0002,0.0
0.05,90.0,1.992e-06,0.1215,0.7642,0.0837,0.0041,0.1215,0.0,0.0264
0.1,90.0,6.418e-06,0.1657,0.7187,0.0891,0.005,0.1656,0.0,0.0216
0.15,90.0,1.535e-05,0.2062,0.6785,0.0922,0.0056,0.2062,0.0,0.0174
0.2,90.0,3.228e-05,0.2461,0.6397,0.0941,0.0062,0.2461,0.0001,0.0139
0.25,90.0,6.288e-05,0.2859,0.6016,0.0949,0.0067,0.2859,0.0001,0.0108
0.3,90.0,1.161e-04,0.3256,0.564,0.0949,0.0072,0.3255,0.0001,0.0083
0.35,90.0,2.056e-04,0.3648,0.5271,0.0942,0.0076,0.3647,0.0001,0.0063
0.4,90.0,3.515e-04,0.4031,0.4913,0.093,0.0079,0.403,0.0001,0.0046
0.45,90.0,5.829e-04,0.4402,0.457,0.0912,0.0082,0.4401,0.0001,0.0034
0.5,90.0,9.400e-04,0.4757,0.4244,0.0891,0.0084,0.4755,0.0002,0.0024
0.55,90.0,1.477e-03,0.5093,0.3937,0.0867,0.0086,0.5091,0.0002,0.0017
0.6,90.0,2.264e-03,0.5409,0.3651,0.0841,0.0087,0.5407,0.0002,0.0011
0.65,90.0,3.389e-03,0.5703,0.3387,0.0814,0.0088,0.57,0.0002,0.0008
0.7,90.0,4.960e-03,0.5974,0.3145,0.0787,0.0089,0.5972,0.0002,0.0005
0.75,90.0,7.099e-03,0.6224,0.2924,0.076,0.0089,0.6221,0.0003,0.0003
0.8,90.0,9.946e-03,0.6452,0.2724,0.0734,0.0089,0.6449,0.0003,0.0002
0.85,90.0,1.364e-02,0.6659,0.2543,0.0708,0.0089,0.6656,0.0003,0.0001
0.9,90.0,1.834e-02,0.6846,0.238,0.0684,0.0089,0.6843,0.0003,0.0
0.95,90.0,2.416e-02,0.7015,0.2235,0.0661,0.0088,0.7012,0.0003,0.0
0.05,95.0,2.621e-06,0.2082,0.6805,0.0798,0.0044,0.2082,0.0,0.0271
0.1,95.0,8.305e-06,0.2729,0.6186,0.0819,0.0051,0.2728,0.0001,0.0215
0.15,95.0,1.955e-05,0.3282,0.5671,0.0822,0.0056,0.3281,0.0001,0.0169
0.2,95.0,4.045e-05,0.3792,0.5202,0.0815,0.006,0.3791,0.0001,0.0131
0.25,95.0,7.758e-05,0.4271,0.4766,0.0799,0.0063,0.427,0.0001,0.0101
0.3,95.0,1.411e-04,0.4721,0.4358,0.0779,0.0066,0.472,0.0001,0.0076
0.35,95.0,2.462e-04,0.5143,0.3979,0.0754,0.0067,0.5141,0.0002,0.0056
0.4,95.0,4.150e-04,0.5535,0.3629,0.0727,0.0069,0.5533,0.0002,0.0041
0.45,95.0,6.788e-04,0.5897,0.3307,0.0698,0.0069,0.5894,0.0002,0.0029
0.5,95.0,1.080e-03,0.6228,0.3014,0.0668,0.007,0.6225,0.0002,0.002
0.55,95.0,1.677e-03,0.6529,0.2749,0.0638,0.007,0.6527,0.0003,0.0014
0.6,95.0,2.540e-03,0.6802,0.251,0.0609,0.007,0.6799,0.0003,0.001
0.65,95.0,3.760e-03,0.7047,0.2296,0.0581,0.0069,0.7044,0.0003,0.0006
0.7,95.0,5.446e-03,0.7268,0.2106,0.0554,0.0069,0.7265,0.0003,0.0004
0.75,95.0,7.719e-03,0.7465,0.1936,0.0528,0.0068,0.7462,0.0003,0.0003
0.8,95.0,1.072e-02,0.7641,0.1786,0.0504,0.0067,0.7637,0.0004,0.0001
0.85,95.0,1.458e-02,0.7797,0.1653,0.0482,0.0066,0.7793,0.0004,0.0001
0.9,95.0,1.944e-02,0.7936,0.1536,0.0462,0.0065,0.7932,0.0004,0.0
0.95,95.0,2.543e-02,0.806,0.1432,0.0443,0.0065,0.8055,0.0004,0.0
0.05,100.0,3.406e-06,0.3289,0.5694,0.0713,0.0044,0.3288,0.0001,0.026
0.1,100.0,1.062e-05,0.4103,0.4952,0.0699,0.0049,0.4102,0.0001,0.0198
0.15,100.0,2.462e-05,0.474,0.4382,0.0676,0.0051,0.4738,0.0001,0.0151
0.2,100.0,5.018e-05,0.5285,0.3898,0.0649,0.0053,0.5284,0.0002,0.0114
0.25,100.0,9.482e-05,0.5766,0.3476,0.0619,0.0054,0.5764,0.0002,0.0086
0.3,100.0,1.699e-04,0.6193,0.3102,0.0587,0.0055,0.619,0.0002,0.0063
0.35,100.0,2.924e-04,0.6572,0.2772,0.0556,0.0055,0.6569,0.0002,0.0046
0.4,100.0,4.863e-04,0.6908,0.2479,0.0525,0.0055,0.6906,0.0003,0.0033
0.45,100.0,7.851e-04,0.7206,0.2222,0.0494,0.0054,0.7203,0.0003,0.0023
0.5,100.0,1.234e-03,0.7469,0.1995,0.0466,0.0054,0.7466,0.0003,0.0016
0.55,100.0,1.893e-03,0.7701,0.1796,0.0439,0.0053,0.7698,0.0004,0.0011
0.6,100.0,2.835e-03,0.7905,0.1622,0.0413,0.0052,0.7902,0.0004,0.0007
0.65,100.0,4.153e-03,0.8085,0.1469,0.039,0.0051,0.8081,0.0004,0.0005
0.7,100.0,5.955e-03,0.8242,0.1336,0.0368,0.005,0.8238,0.0004,0.0003
0.75,100.0,8.362e-03,0.838,0.122,0.0349,0.0049,0.8376,0.0004,0.0002
0.8,100.0,1.151e-02,0.8502,0.1118,0.0331,0.0048,0.8497,0.0005,0.0001
0.85,100.0,1.553e-02,0.8608,0.103,0.0314,0.0047,0.8603,0.0005,0.0001
0.9,100.0,2.056e-02,0.8702,0.0952,0.0299,0.0046,0.8697,0.0005,0.0
0.95,100.0,2.671e-02,0.8784,0.0885,0.0286,0.0045,0.8779,0.0005,0.0
0.05,105.0,4.374e-06,0.4726,0.4415,0.0589,0.004,0.4725,0.0001,0.023
0.1,105.0,1.344e-05,0.5586,0.3655,0.0549,0.0042,0.5584,0.0002,0.0167
0.15,105.0,3.069e-05,0.6199,0.3122,0.0512,0.0043,0.6197,0.0002,0.0124
0.2,105.0,6.165e-05,0.6689,0.27,0.0477,0.0043,0.6687,0.0002,0.0091
0.25,105.0,1.148e-04,0.7096,0.2351,0.0443,0.0043,0.7093,0.0003,0.0067
0.3,105.0,2.030e-04,0.7439,0.2057,0.0412,0.0042,0.7436,0.0003,0.0049
0.35,105.0,3.447e-04,0.7732,0.1808,0.0383,0.0042,0.7729,0.0003,0.0035
0.4,105.0,5.658e-04,0.7983,0.1595,0.0356,0.0041,0.798,0.0004,0.0025
0.45,105.0,9.023e-04,0.8199,0.1413,0.0331,0.004,0.8195,0.0004,0.0018
0.5,105.0,1.402e-03,0.8384,0.1256,0.0309,0.0039,0.838,0.0004,0.0012
0.55,105.0,2.125e-03,0.8544,0.1122,0.0288,0.0038,0.8539,0.0005,0.0008
0.6,105.0,3.150e-03,0.8682,0.1006,0.0269,0.0037,0.8677,0.0005,0.0006
0.65,105.0,4.567e-03,0.8801,0.0907,0.0252,0.0036,0.8796,0.0005,0.0004
0.7,105.0,6.487e-03,0.8905,0.0821,0.0237,0.0035,0.89,0.0005,0.0002
0.75,105.0,9.028e-03,0.8995,0.0746,0.0223,0.0034,0.8989,0.0006,0.0001
0.8,105.0,1.232e-02,0.9073,0.0682,0.0211,0.0033,0.9067,0.0006,0.0001
0.85,105.0,1.650e-02,0.9141,0.0627,0.02,0.0033,0.9135,0.0006,0.0
0.9,105.0,2.169e-02,0.92,0.0578,0.019,0.0032,0.9194,0.0006,0.0
0.95,105.0,2.799e-02,0.9252,0.0536,0.0181,0.0031,0.9245,0.0006,0.0
0.05,110.0,5.557e-06,0.6167,0.3163,0.0449,0.0034,0.6165,0.0002,0.0188
0.1,110.0,1.683e-05,0.6934,0.2502,0.0399,0.0034,0.6931,0.0002,0.0131
0.15,110.0,3.789e-05,0.7437,0.2075,0.0361,0.0034,0.7434,0.0003,0.0094
0.2,110.0,7.506e-05,0.7815,0.1755,0.0328,0.0033,0.7812,0.0003,0.0068
0.25,110.0,1.379e-04,0.8116,0.1503,0.03,0.0032,0.8112,0.0004,0.005
0.3,110.0,2.406e-04,0.8361,0.1298,0.0274,0.0031,0.8357,0.0004,0.0036
0.35,110.0,4.033e-04,0.8564,0.1128,0.0252,0.003,0.856,0.0004,0.0026
0.4,110.0,6.541e-04,0.8734,0.0987,0.0232,0.0029,0.8729,0.0005,0.0018
0.45,110.0,1.031e-03,0.8876,0.0869,0.0214,0.0028,0.8871,0.0005,0.0013
0.5,110.0,1.583e-03,0.8997,0.0768,0.0198,0.0027,0.8992,0.0005,0.0009
0.55,110.0,2.374e-03,0.91,0.0683,0.0184,0.0027,0.9095,0.0005,0.0006
0.6,110.0,3.483e-03,0.9188,0.0611,0.0171,0.0026,0.9182,0.0006,0.0004
0.65,110.0,5.002e-03,0.9263,0.0549,0.016,0.0025,0.9257,0.0006,0.0003
0.7,110.0,7.040e-03,0.9328,0.0496,0.015,0.0024,0.9322,0.0006,0.0002
0.75,110.0,9.715e-03,0.9384,0.0451,0.0141,0.0024,0.9377,0.0007,0.0001
0.8,110.0,1.315e-02,0.9432,0.0411,0.0133,0.0023,0.9425,0.0007,0.0001
0.85,110.0,1.748e-02,0.9474,0.0378,0.0126,0.0022,0.9467,0.0007,0.0
0.9,110.0,2.283e-02,0.9511,0.0348,0.0119,0.0022,0.9503,0.0007,0.0
0.95,110.0,2.928e-02,0.9542,0.0323,0.0113,0.0021,0.9535,0.0008,0.0
0.05,115.0,6.987e-06,0.7394,0.2118,0.0319,0.0027,0.7392,0.0003,0.0142
0.1,115.0,2.087e-05,0.7988,0.1617,0.0273,0.0026,0.7985,0.0003,0.0096
0.15,115.0,4.635e-05,0.8353,0.1313,0.0241,0.0025,0.8349,0.0004,0.0068
0.2,115.0,9.061e-05,0.8617,0.1095,0.0216,0.0024,0.8612,0.0004,0.0049
0.25,115.0,1.644e-04,0.8819,0.0928,0.0195,0.0023,0.8815,0.0005,0.0035
0.3,115.0,2.832e-04,0.8981,0.0795,0.0177,0.0022,0.8976,0.0005,0.0025
0.35,115.0,4.688e-04,0.9112,0.0687,0.0161,0.0021,0.9107,0.0005,0.0018
0.4,115.0,7.513e-04,0.922,0.0599,0.0148,0.002,0.9215,0.0006,0.0013
0.45,115.0,1.171e-03,0.931,0.0525,0.0136,0.002,0.9304,0.0006,0.0009
0.5,115.0,1.779e-03,0.9386,0.0464,0.0125,0.0019,0.9379,0.0006,0.0006
0.55,115.0,2.640e-03,0.9449,0.0412,0.0116,0.0018,0.9443,0.0007,0.0004
0.6,115.0,3.835e-03,0.9503,0.0368,0.0108,0.0018,0.9497,0.0007,0.0003
0.65,115.0,5.458e-03,0.955,0.0331,0.0101,0.0017,0.9543,0.0007,0.0002
0.7,115.0,7.614e-03,0.9589,0.0299,0.0094,0.0017,0.9582,0.0007,0.0001
0.75,115.0,1.042e-02,0.9623,0.0271,0.0088,0.0016,0.9616,0.0008,0.0001
0.8,115.0,1.400e-02,0.9653,0.0248,0.0083,0.0016,0.9645,0.0008,0.0
0.85,115.0,1.848e-02,0.9678,0.0228,0.0079,0.0015,0.967,0.0008,0.0
0.9,115.0,2.397e-02,0.97,0.021,0.0075,0.0015,0.9692,0.0008,0.0
0.95,115.0,3.057e-02,0.9719,0.0195,0.0071,0.0014,0.9711,0.0009,0.0
0.05,120.0,8.698e-06,0.8312,0.1351,0.0215,0.002,0.8308,0.0004,0.0102
0.1,120.0,2.564e-05,0.8727,0.1007,0.018,0.0019,0.8723,0.0004,0.0068
0.15,120.0,5.621e-05,0.8972,0.0807,0.0157,0.0018,0.8967,0.0005,0.0047
0.2,120.0,1.085e-04,0.9143,0.0667,0.0139,0.0017,0.9138,0.0005,0.0034
0.25,120.0,1.944e-04,0.9273,0.0562,0.0125,0.0016,0.9267,0.0005,0.0024
0.3,120.0,3.308e-04,0.9374,0.048,0.0113,0.0015,0.9368,0.0006,0.0018
0.35,120.0,5.414e-04,0.9456,0.0414,0.0102,0.0015,0.945,0.0006,0.0013
0.4,120.0,8.579e-04,0.9523,0.0361,0.0093,0.0014,0.9516,0.0007,0.0009
0.45,120.0,1.322e-03,0.9578,0.0316,0.0086,0.0013,0.9571,0.0007,0.0006
0.5,120.0,1.988e-03,0.9624,0.0279,0.0079,0.0013,0.9617,0.0007,0.0004
0.55,120.0,2.923e-03,0.9663,0.0248,0.0073,0.0013,0.9656,0.0008,0.0003
0.6,120.0,4.206e-03,0.9696,0.0222,0.0068,0.0012,0.9688,0.0008,0.0002
0.65,120.0,5.932e-03,0.9724,0.0199,0.0063,0.0012,0.9716,0.0008,0.0001
0.7,120.0,8.208e-03,0.9748,0.018,0.0059,0.0011,0.974,0.0009,0.0001
0.75,120.0,1.115e-02,0.9769,0.0164,0.0056,0.0011,0.976,0.0009,0.0001
0.8,120.0,1.487e-02,0.9786,0.015,0.0053,0.0011,0.9777,0.0009,0.0
0.85,120.0,1.950e-02,0.9802,0.0138,0.005,0.001,0.9792,0.0009,0.0
0.9,120.0,2.513e-02,0.9815,0.0127,0.0047,0.001,0.9806,0.001,0.0
0.95,120.0,3.186e-02,0.9827,0.0118,0.0045,0.001,0.9817,0.001,0.0
0.05,125.0,1.073e-05,0.8936,0.0837,0.0141,0.0014,0.8932,0.0004,0.0071
0.1,125.0,3.123e-05,0.921,0.0615,0.0116,0.0013,0.9205,0.0005,0.0046
0.15,125.0,6.760e-05,0.9366,0.0489,0.01,0.0012,0.936,0.0006,0.0033
0.2,125.0,1.289e-04,0.9473,0.0403,0.0088,0.0012,0.9467,0.0006,0.0023
0.25,125.0,2.282e-04,0.9554,0.0339,0.0079,0.0011,0.9547,0.0006,0.0017
0.3,125.0,3.840e-04,0.9617,0.0289,0.0071,0.0011,0.961,0.0007,0.0012
0.35,125.0,6.214e-04,0.9667,0.025,0.0065,0.001,0.9659,0.0007,0.0009
0.4,125.0,9.741e-04,0.9708,0.0218,0.0059,0.001,0.97,0.0008,0.0006
0.45,125.0,1.486e-03,0.9741,0.0191,0.0054,0.0009,0.9733,0.0008,0.0004
0.5,125.0,2.212e-03,0.9769,0.0169,0.005,0.0009,0.9761,0.0008,0.0003
0.55,125.0,3.222e-03,0.9793,0.015,0.0046,0.0009,0.9784,0.0009,0.0002
0.6,125.0,4.595e-03,0.9813,0.0134,0.0043,0.0008,0.9804,0.0009,0.0001
0.65,125.0,6.426e-03,0.983,0.0121,0.004,0.0008,0.982,0.0009,0.0001
0.7,125.0,8.820e-03,0.9844,0.011,0.0038,0.0008,0.9835,0.001,0.0001
0.75,125.0,1.189e-02,0.9857,0.01,0.0035,0.0008,0.9847,0.001,0.0
0.8,125.0,1.575e-02,0.9868,0.0091,0.0033,0.0007,0.9857,0.001,0.0
0.85,125.0,2.052e-02,0.9877,0.0084,0.0032,0.0007,0.9866,0.0011,0.0
0.9,125.0,2.629e-02,0.9885,0.0078,0.003,0.0007,0.9874,0.0011,0.0
0.95,125.0,3.314e-02,0.9892,0.0072,0.0029,0.0007,0.9881,0.0011,0.0
