case,label,x_ChCl_dry,x_H2O,T_C,a_ChCl,a_CA,a_H2O
measured,1:19,0.05,0.817,60,2.9394e-07,6.5490e-02,8.1476e-01
measured,3:17,0.15,0.812,60,2.6738e-06,4.8168e-02,8.2686e-01
measured,1:4,0.2,0.81,60,6.1933e-06,4.0080e-02,8.2781e-01
measured,3:1,0.75,0.782,60,5.4220e-03,1.1335e-03,5.8179e-01
measured,19:1,0.95,0.77,60,2.8324e-02,5.8512e-05,4.3604e-01
water_scan,19:1,0.95,0.0,60,9.3641e-01,2.3682e-06,0.0000e+00
water_scan,19:1,0.95,0.2,60,7.0223e-01,3.5207e-06,3.3630e-02
water_scan,19:1,0.95,0.4,60,4.3254e-01,6.3160e-06,9.2691e-02
water_scan,19:1,0.95,0.6,60,1.6852e-01,1.6010e-05,2.1232e-01
water_scan,19:1,0.95,0.77,60,2.8324e-02,5.8512e-05,4.3604e-01
water_scan,19:1,0.95,0.9,60,1.1754e-03,2.3569e-04,7.5672e-01
