Created as New Dataset,Sample 371 By Administrator Date 수요일, 9월 30 2026
cm-1,%T
4000.00,99.66
3999.00,99.66
3998.00,99.66
3997.00,99.67
3996.00,99.67
3995.00,99.66
3994.00,99.66
3993.00,99.66
3992.00,99.66
3991.00,99.66
3990.00,99.66
3989.00,99.65
3988.00,99.64
3987.00,99.64
3986.00,99.64
3985.00,99.65
3984.00,99.66
3983.00,99.66
3982.00,99.66
3981.00,99.65
3980.00,99.65
3979.00,99.65
3978.00,99.65
3977.00,99.65
3976.00,99.66
3975.00,99.66
3974.00,99.66
3973.00,99.67
3972.00,99.68
3971.00,99.68
3970.00,99.68
3969.00,99.67
3968.00,99.66
3967.00,99.65
3966.00,99.65
3965.00,99.65
3964.00,99.65
3963.00,99.65
3962.00,99.65
3961.00,99.66
3960.00,99.67
3959.00,99.67
3958.00,99.67
3957.00,99.67
3956.00,99.68
3955.00,99.68
3954.00,99.69
3953.00,99.69
3952.00,99.69
3951.00,99.68
3950.00,99.67
3949.00,99.67
3948.00,99.66
3947.00,99.66
3946.00,99.65
3945.00,99.64
3944.00,99.65
3943.00,99.66
3942.00,99.67
3941.00,99.67
3940.00,99.67
3939.00,99.65
3938.00,99.64
3937.00,99.64
3936.00,99.65
3935.00,99.65
3934.00,99.66
3933.00,99.67
3932.00,99.67
3931.00,99.67
3930.00,99.66
3929.00,99.67
3928.00,99.67
3927.00,99.67
3926.00,99.67
3925.00,99.67
3924.00,99.67
3923.00,99.66
3922.00,99.66
3921.00,99.66
3920.00,99.66
3919.00,99.67
3918.00,99.67
3917.00,99.68
3916.00,99.68
3915.00,99.68
3914.00,99.69
3913.00,99.69
3912.00,99.69
3911.00,99.69
3910.00,99.68
3909.00,99.69
3908.00,99.70
3907.00,99.71
3906.00,99.72
3905.00,99.72
3904.00,99.73
3903.00,99.73
3902.00,99.73
3901.00,99.72
3900.00,99.72
3899.00,99.71
3898.00,99.70
3897.00,99.69
3896.00,99.68
3895.00,99.67
3894.00,99.67
3893.00,99.68
3892.00,99.68
3891.00,99.68
3890.00,99.69
3889.00,99.70
3888.00,99.70
3887.00,99.68
3886.00,99.66
3885.00,99.65
3884.00,99.66
3883.00,99.67
3882.00,99.67
3881.00,99.67
3880.00,99.67
3879.00,99.68
3878.00,99.67
3877.00,99.67
3876.00,99.66
3875.00,99.66
3874.00,99.67
3873.00,99.68
3872.00,99.69
3871.00,99.67
3870.00,99.66
3869.00,99.66
3868.00,99.65
3867.00,99.64
3866.00,99.62
3865.00,99.62
3864.00,99.64
3863.00,99.67
3862.00,99.67
3861.00,99.66
3860.00,99.65
3859.00,99.65
3858.00,99.66
3857.00,99.69
3856.00,99.70
3855.00,99.69
3854.00,99.67
3853.00,99.66
3852.00,99.68
3851.00,99.69
3850.00,99.69
3849.00,99.69
3848.00,99.69
3847.00,99.70
3846.00,99.71
3845.00,99.71
3844.00,99.71
3843.00,99.70
3842.00,99.69
3841.00,99.69
3840.00,99.68
3839.00,99.69
3838.00,99.69
3837.00,99.70
3836.00,99.71
3835.00,99.72
3834.00,99.72
3833.00,99.71
3832.00,99.70
3831.00,99.68
3830.00,99.67
3829.00,99.66
3828.00,99.65
3827.00,99.65
3826.00,99.66
3825.00,99.67
3824.00,99.68
3823.00,99.67
3822.00,99.64
3821.00,99.64
3820.00,99.65
3819.00,99.66
3818.00,99.67
3817.00,99.67
3816.00,99.69
3815.00,99.71
3814.00,99.72
3813.00,99.73
3812.00,99.71
3811.00,99.70
3810.00,99.71
3809.00,99.71
3808.00,99.70
3807.00,99.70
3806.00,99.70
3805.00,99.70
3804.00,99.69
3803.00,99.67
3802.00,99.66
3801.00,99.68
3800.00,99.72
3799.00,99.75
3798.00,99.77
3797.00,99.77
3796.00,99.78
3795.00,99.78
3794.00,99.78
3793.00,99.78
3792.00,99.78
3791.00,99.79
3790.00,99.79
3789.00,99.79
3788.00,99.79
3787.00,99.78
3786.00,99.77
3785.00,99.77
3784.00,99.77
3783.00,99.78
3782.00,99.78
3781.00,99.77
3780.00,99.77
3779.00,99.77
3778.00,99.78
3777.00,99.79
3776.00,99.80
3775.00,99.79
3774.00,99.79
3773.00,99.80
3772.00,99.79
3771.00,99.79
3770.00,99.79
3769.00,99.80
3768.00,99.81
3767.00,99.81
3766.00,99.81
3765.00,99.81
3764.00,99.82
3763.00,99.83
3762.00,99.83
3761.00,99.83
3760.00,99.83
3759.00,99.83
3758.00,99.82
3757.00,99.80
3756.00,99.78
3755.00,99.77
3754.00,99.76
3753.00,99.74
3752.00,99.72
3751.00,99.71
3750.00,99.72
3749.00,99.75
3748.00,99.79
3747.00,99.82
3746.00,99.83
3745.00,99.82
3744.00,99.81
3743.00,99.83
3742.00,99.85
3741.00,99.87
3740.00,99.89
3739.00,99.91
3738.00,99.91
3737.00,99.89
3736.00,99.86
3735.00,99.87
3734.00,99.89
3733.00,99.91
3732.00,99.91
3731.00,99.92
3730.00,99.93
3729.00,99.95
3728.00,99.96
3727.00,99.98
3726.00,100.00
3725.00,100.01
3724.00,100.03
3723.00,100.05
3722.00,100.07
3721.00,100.09
3720.00,100.10
3719.00,100.10
3718.00,100.10
3717.00,100.11
3716.00,100.13
3715.00,100.15
3714.00,100.16
3713.00,100.16
3712.00,100.16
3711.00,100.17
3710.00,100.19
3709.00,100.22
3708.00,100.26
3707.00,100.29
3706.00,100.32
3705.00,100.35
3704.00,100.39
3703.00,100.43
3702.00,100.45
3701.00,100.47
3700.00,100.48
3699.00,100.50
3698.00,100.51
3697.00,100.53
3696.00,100.55
3695.00,100.58
3694.00,100.60
3693.00,100.63
3692.00,100.66
3691.00,100.71
3690.00,100.76
3689.00,100.82
3688.00,100.88
3687.00,100.94
3686.00,100.99
3685.00,101.03
3684.00,101.05
3683.00,101.07
3682.00,101.10
3681.00,101.13
3680.00,101.17
3679.00,101.22
3678.00,101.28
3677.00,101.34
3676.00,101.39
3675.00,101.45
3674.00,101.49
3673.00,101.51
3672.00,101.55
3671.00,101.62
3670.00,101.72
3669.00,101.81
3668.00,101.86
3667.00,101.89
3666.00,101.91
3665.00,101.93
3664.00,101.96
3663.00,101.98
3662.00,102.01
3661.00,102.03
3660.00,102.05
3659.00,102.07
3658.00,102.09
3657.00,102.12
3656.00,102.14
3655.00,102.16
3654.00,102.18
3653.00,102.18
3652.00,102.17
3651.00,102.17
3650.00,102.19
3649.00,102.22
3648.00,102.23
3647.00,102.23
3646.00,102.20
3645.00,102.16
3644.00,102.13
3643.00,102.10
3642.00,102.08
3641.00,102.06
3640.00,102.04
3639.00,102.02
3638.00,102.00
3637.00,101.98
3636.00,101.95
3635.00,101.94
3634.00,101.93
3633.00,101.93
3632.00,101.94
3631.00,101.90
3630.00,101.83
3629.00,101.74
3628.00,101.69
3627.00,101.67
3626.00,101.65
3625.00,101.63
3624.00,101.62
3623.00,101.61
3622.00,101.60
3621.00,101.58
3620.00,101.55
3619.00,101.53
3618.00,101.52
3617.00,101.49
3616.00,101.45
3615.00,101.41
3614.00,101.37
3613.00,101.35
3612.00,101.34
3611.00,101.33
3610.00,101.32
3609.00,101.31
3608.00,101.31
3607.00,101.31
3606.00,101.30
3605.00,101.26
3604.00,101.23
3603.00,101.19
3602.00,101.17
3601.00,101.16
3600.00,101.15
3599.00,101.15
3598.00,101.14
3597.00,101.13
3596.00,101.13
3595.00,101.14
3594.00,101.16
3593.00,101.19
3592.00,101.20
3591.00,101.21
3590.00,101.21
3589.00,101.23
3588.00,101.26
3587.00,101.30
3586.00,101.32
3585.00,101.32
3584.00,101.31
3583.00,101.32
3582.00,101.34
3581.00,101.36
3580.00,101.38
3579.00,101.40
3578.00,101.42
3577.00,101.45
3576.00,101.48
3575.00,101.52
3574.00,101.57
3573.00,101.61
3572.00,101.65
3571.00,101.70
3570.00,101.75
3569.00,101.80
3568.00,101.85
3567.00,101.91
3566.00,101.96
3565.00,102.00
3564.00,102.05
3563.00,102.11
3562.00,102.16
3561.00,102.20
3560.00,102.23
3559.00,102.27
3558.00,102.31
3557.00,102.35
3556.00,102.40
3555.00,102.44
3554.00,102.49
3553.00,102.54
3552.00,102.61
3551.00,102.69
3550.00,102.75
3549.00,102.81
3548.00,102.87
3547.00,102.95
3546.00,103.04
3545.00,103.12
3544.00,103.20
3543.00,103.27
3542.00,103.34
3541.00,103.41
3540.00,103.48
3539.00,103.55
3538.00,103.63
3537.00,103.70
3536.00,103.78
3535.00,103.86
3534.00,103.93
3533.00,104.00
3532.00,104.06
3531.00,104.13
3530.00,104.21
3529.00,104.30
3528.00,104.40
3527.00,104.49
3526.00,104.58
3525.00,104.68
3524.00,104.78
3523.00,104.89
3522.00,104.98
3521.00,105.06
3520.00,105.14
3519.00,105.22
3518.00,105.31
3517.00,105.41
3516.00,105.50
3515.00,105.59
3514.00,105.68
3513.00,105.78
3512.00,105.88
3511.00,105.99
3510.00,106.12
3509.00,106.24
3508.00,106.34
3507.00,106.44
3506.00,106.54
3505.00,106.65
3504.00,106.77
3503.00,106.91
3502.00,107.05
3501.00,107.17
3500.00,107.28
3499.00,107.38
3498.00,107.47
3497.00,107.56
3496.00,107.66
3495.00,107.77
3494.00,107.89
3493.00,108.01
3492.00,108.13
3491.00,108.25
3490.00,108.36
3489.00,108.48
3488.00,108.60
3487.00,108.73
3486.00,108.87
3485.00,109.00
3484.00,109.13
3483.00,109.28
3482.00,109.44
3481.00,109.60
3480.00,109.73
3479.00,109.83
3478.00,109.93
3477.00,110.03
3476.00,110.14
3475.00,110.28
3474.00,110.44
3473.00,110.60
3472.00,110.76
3471.00,110.92
3470.00,111.07
3469.00,111.22
3468.00,111.37
3467.00,111.52
3466.00,111.67
3465.00,111.80
3464.00,111.93
3463.00,112.07
3462.00,112.22
3461.00,112.37
3460.00,112.53
3459.00,112.69
3458.00,112.84
3457.00,113.00
3456.00,113.15
3455.00,113.31
3454.00,113.47
3453.00,113.63
3452.00,113.78
3451.00,113.92
3450.00,114.08
3449.00,114.24
3448.00,114.41
3447.00,114.59
3446.00,114.76
3445.00,114.92
3444.00,115.08
3443.00,115.26
3442.00,115.44
3441.00,115.63
3440.00,115.82
3439.00,116.01
3438.00,116.22
3437.00,116.43
3436.00,116.63
3435.00,116.82
3434.00,117.00
3433.00,117.18
3432.00,117.35
3431.00,117.52
3430.00,117.69
3429.00,117.85
3428.00,118.00
3427.00,118.16
3426.00,118.31
3425.00,118.47
3424.00,118.64
3423.00,118.83
3422.00,119.06
3421.00,119.29
3420.00,119.52
3419.00,119.72
3418.00,119.90
3417.00,120.07
3416.00,120.23
3415.00,120.40
3414.00,120.58
3413.00,120.75
3412.00,120.93
3411.00,121.11
3410.00,121.30
3409.00,121.49
3408.00,121.66
3407.00,121.84
3406.00,122.01
3405.00,122.18
3404.00,122.35
3403.00,122.52
3402.00,122.68
3401.00,122.85
3400.00,123.02
3399.00,123.20
3398.00,123.38
3397.00,123.57
3396.00,123.75
3395.00,123.93
3394.00,124.10
3393.00,124.26
3392.00,124.40
3391.00,124.52
3390.00,124.63
3389.00,124.74
3388.00,124.85
3387.00,124.97
3386.00,125.11
3385.00,125.27
3384.00,125.44
3383.00,125.63
3382.00,125.80
3381.00,125.96
3380.00,126.09
3379.00,126.21
3378.00,126.32
3377.00,126.42
3376.00,126.52
3375.00,126.64
3374.00,126.77
3373.00,126.90
3372.00,127.02
3371.00,127.14
3370.00,127.26
3369.00,127.37
3368.00,127.46
3367.00,127.54
3366.00,127.62
3365.00,127.71
3364.00,127.82
3363.00,127.93
3362.00,128.04
3361.00,128.13
3360.00,128.20
3359.00,128.27
3358.00,128.35
3357.00,128.43
3356.00,128.51
3355.00,128.61
3354.00,128.71
3353.00,128.82
3352.00,128.91
3351.00,128.99
3350.00,129.06
3349.00,129.13
3348.00,129.19
3347.00,129.25
3346.00,129.32
3345.00,129.38
3344.00,129.43
3343.00,129.48
3342.00,129.53
3341.00,129.58
3340.00,129.64
3339.00,129.70
3338.00,129.76
3337.00,129.82
3336.00,129.88
3335.00,129.93
3334.00,129.98
3333.00,130.01
3332.00,130.03
3331.00,130.05
3330.00,130.10
3329.00,130.17
3328.00,130.23
3327.00,130.29
3326.00,130.32
3325.00,130.34
3324.00,130.36
3323.00,130.39
3322.00,130.44
3321.00,130.48
3320.00,130.50
3319.00,130.53
3318.00,130.56
3317.00,130.60
3316.00,130.62
3315.00,130.63
3314.00,130.64
3313.00,130.68
3312.00,130.72
3311.00,130.76
3310.00,130.80
3309.00,130.84
3308.00,130.87
3307.00,130.90
3306.00,130.91
3305.00,130.92
3304.00,130.93
3303.00,130.95
3302.00,130.97
3301.00,130.99
3300.00,131.00
3299.00,131.02
3298.00,131.05
3297.00,131.05
3296.00,131.03
3295.00,131.00
3294.00,130.99
3293.00,131.00
3292.00,131.03
3291.00,131.06
3290.00,131.08
3289.00,131.09
3288.00,131.10
3287.00,131.11
3286.00,131.12
3285.00,131.13
3284.00,131.14
3283.00,131.14
3282.00,131.13
3281.00,131.12
3280.00,131.11
3279.00,131.12
3278.00,131.13
3277.00,131.13
3276.00,131.15
3275.00,131.18
3274.00,131.21
3273.00,131.22
3272.00,131.20
3271.00,131.17
3270.00,131.14
3269.00,131.11
3268.00,131.10
3267.00,131.09
3266.00,131.08
3265.00,131.05
3264.00,131.00
3263.00,130.95
3262.00,130.89
3261.00,130.85
3260.00,130.82
3259.00,130.81
3258.00,130.80
3257.00,130.77
3256.00,130.73
3255.00,130.68
3254.00,130.65
3253.00,130.62
3252.00,130.56
3251.00,130.50
3250.00,130.44
3249.00,130.37
3248.00,130.32
3247.00,130.26
3246.00,130.22
3245.00,130.19
3244.00,130.14
3243.00,130.09
3242.00,130.02
3241.00,129.94
3240.00,129.86
3239.00,129.77
3238.00,129.68
3237.00,129.59
3236.00,129.51
3235.00,129.43
3234.00,129.34
3233.00,129.25
3232.00,129.15
3231.00,129.04
3230.00,128.95
3229.00,128.85
3228.00,128.74
3227.00,128.62
3226.00,128.50
3225.00,128.37
3224.00,128.24
3223.00,128.12
3222.00,128.01
3221.00,127.91
3220.00,127.80
3219.00,127.69
3218.00,127.55
3217.00,127.38
3216.00,127.21
3215.00,127.05
3214.00,126.90
3213.00,126.75
3212.00,126.59
3211.00,126.42
3210.00,126.26
3209.00,126.11
3208.00,125.94
3207.00,125.76
3206.00,125.57
3205.00,125.39
3204.00,125.20
3203.00,125.02
3202.00,124.84
3201.00,124.64
3200.00,124.42
3199.00,124.21
3198.00,124.01
3197.00,123.82
3196.00,123.62
3195.00,123.43
3194.00,123.23
3193.00,123.03
3192.00,122.83
3191.00,122.63
3190.00,122.43
3189.00,122.22
3188.00,122.01
3187.00,121.79
3186.00,121.58
3185.00,121.35
3184.00,121.12
3183.00,120.88
3182.00,120.64
3181.00,120.39
3180.00,120.15
3179.00,119.92
3178.00,119.70
3177.00,119.49
3176.00,119.26
3175.00,119.03
3174.00,118.78
3173.00,118.53
3172.00,118.28
3171.00,118.06
3170.00,117.84
3169.00,117.63
3168.00,117.40
3167.00,117.16
3166.00,116.92
3165.00,116.67
3164.00,116.44
3163.00,116.21
3162.00,115.99
3161.00,115.75
3160.00,115.51
3159.00,115.26
3158.00,115.02
3157.00,114.79
3156.00,114.57
3155.00,114.35
3154.00,114.12
3153.00,113.89
3152.00,113.64
3151.00,113.40
3150.00,113.17
3149.00,112.94
3148.00,112.71
3147.00,112.48
3146.00,112.25
3145.00,112.03
3144.00,111.80
3143.00,111.56
3142.00,111.33
3141.00,111.10
3140.00,110.87
3139.00,110.64
3138.00,110.42
3137.00,110.20
3136.00,109.97
3135.00,109.75
3134.00,109.52
3133.00,109.29
3132.00,109.06
3131.00,108.82
3130.00,108.59
3129.00,108.36
3128.00,108.13
3127.00,107.90
3126.00,107.68
3125.00,107.46
3124.00,107.24
3123.00,107.02
3122.00,106.80
3121.00,106.58
3120.00,106.36
3119.00,106.16
3118.00,105.96
3117.00,105.75
3116.00,105.54
3115.00,105.32
3114.00,105.11
3113.00,104.91
3112.00,104.70
3111.00,104.50
3110.00,104.30
3109.00,104.11
3108.00,103.91
3107.00,103.70
3106.00,103.49
3105.00,103.28
3104.00,103.07
3103.00,102.86
3102.00,102.65
3101.00,102.46
3100.00,102.28
3099.00,102.09
3098.00,101.91
3097.00,101.72
3096.00,101.53
3095.00,101.34
3094.00,101.15
3093.00,100.96
3092.00,100.77
3091.00,100.59
3090.00,100.41
3089.00,100.23
3088.00,100.05
3087.00,99.88
3086.00,99.70
3085.00,99.53
3084.00,99.35
3083.00,99.16
3082.00,98.98
3081.00,98.80
3080.00,98.64
3079.00,98.49
3078.00,98.34
3077.00,98.18
3076.00,98.02
3075.00,97.85
3074.00,97.70
3073.00,97.55
3072.00,97.40
3071.00,97.24
3070.00,97.08
3069.00,96.91
3068.00,96.75
3067.00,96.60
3066.00,96.45
3065.00,96.30
3064.00,96.15
3063.00,96.00
3062.00,95.85
3061.00,95.70
3060.00,95.55
3059.00,95.40
3058.00,95.25
3057.00,95.11
3056.00,94.98
3055.00,94.84
3054.00,94.71
3053.00,94.58
3052.00,94.44
3051.00,94.30
3050.00,94.16
3049.00,94.02
3048.00,93.88
3047.00,93.74
3046.00,93.62
3045.00,93.50
3044.00,93.39
3043.00,93.28
3042.00,93.17
3041.00,93.06
3040.00,92.94
3039.00,92.83
3038.00,92.71
3037.00,92.60
3036.00,92.48
3035.00,92.37
3034.00,92.26
3033.00,92.15
3032.00,92.04
3031.00,91.92
3030.00,91.82
3029.00,91.72
3028.00,91.62
3027.00,91.51
3026.00,91.41
3025.00,91.30
3024.00,91.20
3023.00,91.10
3022.00,91.00
3021.00,90.91
3020.00,90.81
3019.00,90.71
3018.00,90.61
3017.00,90.51
3016.00,90.40
3015.00,90.31
3014.00,90.21
3013.00,90.11
3012.00,90.01
3011.00,89.92
3010.00,89.84
3009.00,89.76
3008.00,89.68
3007.00,89.59
3006.00,89.49
3005.00,89.40
3004.00,89.30
3003.00,89.21
3002.00,89.12
3001.00,89.04
3000.00,88.95
2999.00,88.87
2998.00,88.79
2997.00,88.71
2996.00,88.62
2995.00,88.54
2994.00,88.45
2993.00,88.38
2992.00,88.29
2991.00,88.21
2990.00,88.11
2989.00,88.02
2988.00,87.94
2987.00,87.86
2986.00,87.80
2985.00,87.74
2984.00,87.67
2983.00,87.60
2982.00,87.52
2981.00,87.45
2980.00,87.38
2979.00,87.32
2978.00,87.26
2977.00,87.21
2976.00,87.14
2975.00,87.08
2974.00,87.01
2973.00,86.95
2972.00,86.90
2971.00,86.85
2970.00,86.80
2969.00,86.75
2968.00,86.70
2967.00,86.64
2966.00,86.59
2965.00,86.54
2964.00,86.49
2963.00,86.44
2962.00,86.39
2961.00,86.35
2960.00,86.30
2959.00,86.26
2958.00,86.21
2957.00,86.16
2956.00,86.10
2955.00,86.04
2954.00,85.99
2953.00,85.94
2952.00,85.89
2951.00,85.85
2950.00,85.82
2949.00,85.78
2948.00,85.74
2947.00,85.70
2946.00,85.66
2945.00,85.62
2944.00,85.58
2943.00,85.54
2942.00,85.51
2941.00,85.48
2940.00,85.46
2939.00,85.43
2938.00,85.41
2937.00,85.39
2936.00,85.38
2935.00,85.37
2934.00,85.36
2933.00,85.36
2932.00,85.36
2931.00,85.35
2930.00,85.34
2929.00,85.33
2928.00,85.32
2927.00,85.32
2926.00,85.32
2925.00,85.33
2924.00,85.34
2923.00,85.34
2922.00,85.34
2921.00,85.34
2920.00,85.33
2919.00,85.33
2918.00,85.32
2917.00,85.31
2916.00,85.31
2915.00,85.31
2914.00,85.31
2913.00,85.30
2912.00,85.30
2911.00,85.30
2910.00,85.31
2909.00,85.33
2908.00,85.34
2907.00,85.35
2906.00,85.35
2905.00,85.36
2904.00,85.36
2903.00,85.37
2902.00,85.38
2901.00,85.39
2900.00,85.40
2899.00,85.40
2898.00,85.40
2897.00,85.41
2896.00,85.42
2895.00,85.44
2894.00,85.46
2893.00,85.48
2892.00,85.49
2891.00,85.50
2890.00,85.51
2889.00,85.53
2888.00,85.54
2887.00,85.55
2886.00,85.56
2885.00,85.57
2884.00,85.58
2883.00,85.60
2882.00,85.61
2881.00,85.64
2880.00,85.65
2879.00,85.67
2878.00,85.69
2877.00,85.70
2876.00,85.71
2875.00,85.72
2874.00,85.73
2873.00,85.75
2872.00,85.78
2871.00,85.79
2870.00,85.80
2869.00,85.81
2868.00,85.82
2867.00,85.83
2866.00,85.86
2865.00,85.88
2864.00,85.90
2863.00,85.92
2862.00,85.94
2861.00,85.95
2860.00,85.97
2859.00,85.99
2858.00,86.00
2857.00,86.01
2856.00,86.02
2855.00,86.03
2854.00,86.03
2853.00,86.04
2852.00,86.06
2851.00,86.08
2850.00,86.10
2849.00,86.11
2848.00,86.12
2847.00,86.13
2846.00,86.14
2845.00,86.15
2844.00,86.16
2843.00,86.17
2842.00,86.18
2841.00,86.20
2840.00,86.21
2839.00,86.24
2838.00,86.26
2837.00,86.28
2836.00,86.29
2835.00,86.30
2834.00,86.32
2833.00,86.34
2832.00,86.36
2831.00,86.38
2830.00,86.40
2829.00,86.42
2828.00,86.43
2827.00,86.46
2826.00,86.48
2825.00,86.51
2824.00,86.53
2823.00,86.56
2822.00,86.58
2821.00,86.61
2820.00,86.63
2819.00,86.65
2818.00,86.67
2817.00,86.69
2816.00,86.71
2815.00,86.74
2814.00,86.76
2813.00,86.78
2812.00,86.81
2811.00,86.83
2810.00,86.86
2809.00,86.89
2808.00,86.92
2807.00,86.95
2806.00,86.98
2805.00,87.01
2804.00,87.04
2803.00,87.07
2802.00,87.09
2801.00,87.12
2800.00,87.15
2799.00,87.17
2798.00,87.20
2797.00,87.23
2796.00,87.25
2795.00,87.27
2794.00,87.29
2793.00,87.32
2792.00,87.35
2791.00,87.38
2790.00,87.41
2789.00,87.43
2788.00,87.44
2787.00,87.46
2786.00,87.49
2785.00,87.52
2784.00,87.55
2783.00,87.58
2782.00,87.60
2781.00,87.61
2780.00,87.63
2779.00,87.64
2778.00,87.66
2777.00,87.69
2776.00,87.71
2775.00,87.73
2774.00,87.75
2773.00,87.76
2772.00,87.77
2771.00,87.78
2770.00,87.79
2769.00,87.80
2768.00,87.81
2767.00,87.82
2766.00,87.83
2765.00,87.84
2764.00,87.84
2763.00,87.85
2762.00,87.85
2761.00,87.85
2760.00,87.86
2759.00,87.87
2758.00,87.88
2757.00,87.88
2756.00,87.88
2755.00,87.88
2754.00,87.88
2753.00,87.87
2752.00,87.87
2751.00,87.88
2750.00,87.88
2749.00,87.88
2748.00,87.87
2747.00,87.87
2746.00,87.87
2745.00,87.87
2744.00,87.87
2743.00,87.87
2742.00,87.88
2741.00,87.88
2740.00,87.88
2739.00,87.89
2738.00,87.89
2737.00,87.89
2736.00,87.89
2735.00,87.89
2734.00,87.89
2733.00,87.89
2732.00,87.89
2731.00,87.90
2730.00,87.90
2729.00,87.90
2728.00,87.90
2727.00,87.90
2726.00,87.91
2725.00,87.91
2724.00,87.92
2723.00,87.92
2722.00,87.93
2721.00,87.94
2720.00,87.94
2719.00,87.96
2718.00,87.97
2717.00,87.97
2716.00,87.97
2715.00,87.98
2714.00,87.98
2713.00,87.98
2712.00,87.99
2711.00,87.99
2710.00,88.00
2709.00,88.00
2708.00,88.00
2707.00,88.00
2706.00,88.00
2705.00,87.99
2704.00,88.00
2703.00,88.01
2702.00,88.02
2701.00,88.02
2700.00,88.02
2699.00,88.02
2698.00,88.02
2697.00,88.01
2696.00,88.00
2695.00,88.00
2694.00,87.99
2693.00,87.99
2692.00,87.98
2691.00,87.98
2690.00,87.98
2689.00,87.97
2688.00,87.96
2687.00,87.94
2686.00,87.92
2685.00,87.91
2684.00,87.89
2683.00,87.88
2682.00,87.88
2681.00,87.86
2680.00,87.84
2679.00,87.83
2678.00,87.81
2677.00,87.79
2676.00,87.77
2675.00,87.76
2674.00,87.74
2673.00,87.71
2672.00,87.68
2671.00,87.66
2670.00,87.63
2669.00,87.61
2668.00,87.59
2667.00,87.57
2666.00,87.55
2665.00,87.52
2664.00,87.50
2663.00,87.48
2662.00,87.46
2661.00,87.44
2660.00,87.41
2659.00,87.38
2658.00,87.35
2657.00,87.32
2656.00,87.30
2655.00,87.28
2654.00,87.25
2653.00,87.22
2652.00,87.18
2651.00,87.16
2650.00,87.14
2649.00,87.12
2648.00,87.09
2647.00,87.07
2646.00,87.04
2645.00,87.02
2644.00,86.99
2643.00,86.98
2642.00,86.96
2641.00,86.94
2640.00,86.92
2639.00,86.90
2638.00,86.88
2637.00,86.85
2636.00,86.82
2635.00,86.80
2634.00,86.79
2633.00,86.77
2632.00,86.75
2631.00,86.74
2630.00,86.72
2629.00,86.70
2628.00,86.68
2627.00,86.67
2626.00,86.67
2625.00,86.65
2624.00,86.63
2623.00,86.62
2622.00,86.61
2621.00,86.60
2620.00,86.59
2619.00,86.59
2618.00,86.58
2617.00,86.57
2616.00,86.57
2615.00,86.56
2614.00,86.56
2613.00,86.54
2612.00,86.54
2611.00,86.55
2610.00,86.56
2609.00,86.56
2608.00,86.56
2607.00,86.56
2606.00,86.57
2605.00,86.57
2604.00,86.58
2603.00,86.59
2602.00,86.61
2601.00,86.61
2600.00,86.62
2599.00,86.63
2598.00,86.64
2597.00,86.63
2596.00,86.63
2595.00,86.63
2594.00,86.64
2593.00,86.65
2592.00,86.66
2591.00,86.68
2590.00,86.69
2589.00,86.68
2588.00,86.67
2587.00,86.68
2586.00,86.69
2585.00,86.69
2584.00,86.70
2583.00,86.71
2582.00,86.72
2581.00,86.72
2580.00,86.71
2579.00,86.72
2578.00,86.72
2577.00,86.72
2576.00,86.71
2575.00,86.72
2574.00,86.72
2573.00,86.72
2572.00,86.72
2571.00,86.73
2570.00,86.73
2569.00,86.73
2568.00,86.72
2567.00,86.74
2566.00,86.75
2565.00,86.75
2564.00,86.74
2563.00,86.75
2562.00,86.74
2561.00,86.73
2560.00,86.73
2559.00,86.74
2558.00,86.76
2557.00,86.76
2556.00,86.77
2555.00,86.79
2554.00,86.80
2553.00,86.81
2552.00,86.83
2551.00,86.85
2550.00,86.87
2549.00,86.87
2548.00,86.88
2547.00,86.92
2546.00,86.95
2545.00,86.96
2544.00,86.97
2543.00,86.99
2542.00,87.01
2541.00,87.01
2540.00,87.03
2539.00,87.06
2538.00,87.09
2537.00,87.10
2536.00,87.10
2535.00,87.13
2534.00,87.16
2533.00,87.18
2532.00,87.22
2531.00,87.26
2530.00,87.30
2529.00,87.32
2528.00,87.34
2527.00,87.38
2526.00,87.41
2525.00,87.43
2524.00,87.45
2523.00,87.49
2522.00,87.53
2521.00,87.56
2520.00,87.59
2519.00,87.63
2518.00,87.67
2517.00,87.69
2516.00,87.72
2515.00,87.77
2514.00,87.81
2513.00,87.83
2512.00,87.85
2511.00,87.88
2510.00,87.92
2509.00,87.95
2508.00,87.98
2507.00,88.04
2506.00,88.08
2505.00,88.11
2504.00,88.14
2503.00,88.19
2502.00,88.25
2501.00,88.30
2500.00,88.35
2499.00,88.40
2498.00,88.44
2497.00,88.47
2496.00,88.50
2495.00,88.55
2494.00,88.60
2493.00,88.63
2492.00,88.65
2491.00,88.70
2490.00,88.75
2489.00,88.79
2488.00,88.83
2487.00,88.89
2486.00,88.94
2485.00,88.97
2484.00,89.03
2483.00,89.09
2482.00,89.15
2481.00,89.19
2480.00,89.22
2479.00,89.27
2478.00,89.31
2477.00,89.34
2476.00,89.38
2475.00,89.44
2474.00,89.51
2473.00,89.55
2472.00,89.59
2471.00,89.65
2470.00,89.70
2469.00,89.74
2468.00,89.78
2467.00,89.84
2466.00,89.90
2465.00,89.93
2464.00,89.96
2463.00,90.00
2462.00,90.05
2461.00,90.08
2460.00,90.13
2459.00,90.20
2458.00,90.26
2457.00,90.29
2456.00,90.32
2455.00,90.38
2454.00,90.44
2453.00,90.47
2452.00,90.50
2451.00,90.55
2450.00,90.59
2449.00,90.62
2448.00,90.66
2447.00,90.72
2446.00,90.79
2445.00,90.83
2444.00,90.88
2443.00,90.94
2442.00,90.99
2441.00,91.02
2440.00,91.04
2439.00,91.09
2438.00,91.13
2437.00,91.15
2436.00,91.18
2435.00,91.23
2434.00,91.28
2433.00,91.31
2432.00,91.34
2431.00,91.39
2430.00,91.45
2429.00,91.49
2428.00,91.52
2427.00,91.57
2426.00,91.62
2425.00,91.64
2424.00,91.66
2423.00,91.71
2422.00,91.75
2421.00,91.78
2420.00,91.81
2419.00,91.87
2418.00,91.91
2417.00,91.94
2416.00,91.96
2415.00,91.99
2414.00,92.03
2413.00,92.04
2412.00,92.06
2411.00,92.11
2410.00,92.16
2409.00,92.19
2408.00,92.23
2407.00,92.29
2406.00,92.34
2405.00,92.37
2404.00,92.39
2403.00,92.44
2402.00,92.48
2401.00,92.50
2400.00,92.52
2399.00,92.56
2398.00,92.60
2397.00,92.62
2396.00,92.65
2395.00,92.70
2394.00,92.75
2393.00,92.78
2392.00,92.81
2391.00,92.84
2390.00,92.88
2389.00,92.89
2388.00,92.91
2387.00,92.94
2386.00,92.98
2385.00,92.99
2384.00,93.00
2383.00,93.04
2382.00,93.09
2381.00,93.13
2380.00,93.19
2379.00,93.26
2378.00,93.34
2377.00,93.36
2376.00,93.35
2375.00,93.36
2374.00,93.36
2373.00,93.33
2372.00,93.31
2371.00,93.38
2370.00,93.47
2369.00,93.49
2368.00,93.51
2367.00,93.59
2366.00,93.64
2365.00,93.60
2364.00,93.56
2363.00,93.63
2362.00,93.71
2361.00,93.69
2360.00,93.68
2359.00,93.75
2358.00,93.82
2357.00,93.83
2356.00,93.86
2355.00,93.95
2354.00,94.03
2353.00,94.04
2352.00,94.06
2351.00,94.09
2350.00,94.08
2349.00,94.04
2348.00,94.03
2347.00,94.09
2346.00,94.16
2345.00,94.15
2344.00,94.10
2343.00,94.11
2342.00,94.16
2341.00,94.19
2340.00,94.24
2339.00,94.33
2338.00,94.39
2337.00,94.38
2336.00,94.37
2335.00,94.42
2334.00,94.48
2333.00,94.48
2332.00,94.49
2331.00,94.53
2330.00,94.56
2329.00,94.53
2328.00,94.51
2327.00,94.56
2326.00,94.60
2325.00,94.61
2324.00,94.62
2323.00,94.68
2322.00,94.73
2321.00,94.72
2320.00,94.71
2319.00,94.74
2318.00,94.78
2317.00,94.77
2316.00,94.78
2315.00,94.83
2314.00,94.88
2313.00,94.89
2312.00,94.89
2311.00,94.92
2310.00,94.95
2309.00,94.96
2308.00,94.97
2307.00,95.01
2306.00,95.05
2305.00,95.05
2304.00,95.06
2303.00,95.11
2302.00,95.15
2301.00,95.16
2300.00,95.17
2299.00,95.20
2298.00,95.24
2297.00,95.24
2296.00,95.25
2295.00,95.30
2294.00,95.34
2293.00,95.34
2292.00,95.34
2291.00,95.38
2290.00,95.42
2289.00,95.42
2288.00,95.43
2287.00,95.48
2286.00,95.54
2285.00,95.57
2284.00,95.59
2283.00,95.64
2282.00,95.68
2281.00,95.67
2280.00,95.65
2279.00,95.67
2278.00,95.71
2277.00,95.72
2276.00,95.74
2275.00,95.80
2274.00,95.84
2273.00,95.83
2272.00,95.82
2271.00,95.84
2270.00,95.89
2269.00,95.90
2268.00,95.91
2267.00,95.96
2266.00,96.00
2265.00,96.00
2264.00,95.99
2263.00,96.03
2262.00,96.07
2261.00,96.07
2260.00,96.07
2259.00,96.11
2258.00,96.16
2257.00,96.15
2256.00,96.12
2255.00,96.14
2254.00,96.18
2253.00,96.19
2252.00,96.19
2251.00,96.23
2250.00,96.25
2249.00,96.22
2248.00,96.19
2247.00,96.23
2246.00,96.29
2245.00,96.30
2244.00,96.31
2243.00,96.37
2242.00,96.42
2241.00,96.42
2240.00,96.40
2239.00,96.44
2238.00,96.48
2237.00,96.47
2236.00,96.46
2235.00,96.51
2234.00,96.56
2233.00,96.55
2232.00,96.55
2231.00,96.59
2230.00,96.63
2229.00,96.61
2228.00,96.58
2227.00,96.61
2226.00,96.65
2225.00,96.63
2224.00,96.62
2223.00,96.68
2222.00,96.76
2221.00,96.78
2220.00,96.79
2219.00,96.84
2218.00,96.87
2217.00,96.82
2216.00,96.78
2215.00,96.82
2214.00,96.88
2213.00,96.88
2212.00,96.88
2211.00,96.93
2210.00,96.97
2209.00,96.94
2208.00,96.91
2207.00,96.95
2206.00,96.99
2205.00,96.96
2204.00,96.92
2203.00,96.95
2202.00,97.00
2201.00,96.99
2200.00,96.97
2199.00,97.04
2198.00,97.11
2197.00,97.11
2196.00,97.09
2195.00,97.13
2194.00,97.16
2193.00,97.13
2192.00,97.10
2191.00,97.17
2190.00,97.26
2189.00,97.26
2188.00,97.25
2187.00,97.30
2186.00,97.35
2185.00,97.32
2184.00,97.28
2183.00,97.33
2182.00,97.39
2181.00,97.37
2180.00,97.35
2179.00,97.40
2178.00,97.43
2177.00,97.37
2176.00,97.30
2175.00,97.32
2174.00,97.36
2173.00,97.32
2172.00,97.28
2171.00,97.34
2170.00,97.41
2169.00,97.41
2168.00,97.38
2167.00,97.43
2166.00,97.49
2165.00,97.46
2164.00,97.40
2163.00,97.43
2162.00,97.46
2161.00,97.41
2160.00,97.36
2159.00,97.43
2158.00,97.50
2157.00,97.46
2156.00,97.38
2155.00,97.39
2154.00,97.40
2153.00,97.33
2152.00,97.27
2151.00,97.32
2150.00,97.38
2149.00,97.34
2148.00,97.27
2147.00,97.25
2146.00,97.24
2145.00,97.17
2144.00,97.12
2143.00,97.16
2142.00,97.21
2141.00,97.18
2140.00,97.12
2139.00,97.12
2138.00,97.14
2137.00,97.10
2136.00,97.07
2135.00,97.09
2134.00,97.10
2133.00,97.04
2132.00,96.98
2131.00,96.99
2130.00,97.01
2129.00,96.97
2128.00,96.91
2127.00,96.92
2126.00,96.94
2125.00,96.90
2124.00,96.85
2123.00,96.85
2122.00,96.86
2121.00,96.82
2120.00,96.78
2119.00,96.78
2118.00,96.79
2117.00,96.76
2116.00,96.72
2115.00,96.73
2114.00,96.75
2113.00,96.72
2112.00,96.70
2111.00,96.72
2110.00,96.75
2109.00,96.71
2108.00,96.66
2107.00,96.67
2106.00,96.71
2105.00,96.69
2104.00,96.65
2103.00,96.65
2102.00,96.66
2101.00,96.63
2100.00,96.59
2099.00,96.61
2098.00,96.64
2097.00,96.61
2096.00,96.56
2095.00,96.55
2094.00,96.56
2093.00,96.51
2092.00,96.46
2091.00,96.47
2090.00,96.49
2089.00,96.46
2088.00,96.42
2087.00,96.42
2086.00,96.42
2085.00,96.38
2084.00,96.34
2083.00,96.36
2082.00,96.39
2081.00,96.37
2080.00,96.33
2079.00,96.33
2078.00,96.34
2077.00,96.30
2076.00,96.25
2075.00,96.26
2074.00,96.28
2073.00,96.24
2072.00,96.20
2071.00,96.22
2070.00,96.25
2069.00,96.22
2068.00,96.17
2067.00,96.18
2066.00,96.22
2065.00,96.19
2064.00,96.15
2063.00,96.17
2062.00,96.20
2061.00,96.16
2060.00,96.11
2059.00,96.10
2058.00,96.12
2057.00,96.07
2056.00,96.03
2055.00,96.06
2054.00,96.10
2053.00,96.05
2052.00,96.00
2051.00,96.03
2050.00,96.09
2049.00,96.07
2048.00,96.02
2047.00,96.03
2046.00,96.08
2045.00,96.06
2044.00,96.03
2043.00,96.07
2042.00,96.10
2041.00,96.04
2040.00,95.95
2039.00,95.97
2038.00,96.04
2037.00,96.05
2036.00,96.04
2035.00,96.09
2034.00,96.15
2033.00,96.10
2032.00,96.00
2031.00,95.98
2030.00,95.99
2029.00,95.95
2028.00,95.90
2027.00,95.94
2026.00,95.98
2025.00,95.93
2024.00,95.85
2023.00,95.85
2022.00,95.88
2021.00,95.85
2020.00,95.80
2019.00,95.84
2018.00,95.88
2017.00,95.81
2016.00,95.72
2015.00,95.72
2014.00,95.76
2013.00,95.71
2012.00,95.63
2011.00,95.63
2010.00,95.67
2009.00,95.66
2008.00,95.62
2007.00,95.65
2006.00,95.66
2005.00,95.59
2004.00,95.50
2003.00,95.49
2002.00,95.50
2001.00,95.43
2000.00,95.36
1999.00,95.38
1998.00,95.42
1997.00,95.39
1996.00,95.33
1995.00,95.34
1994.00,95.37
1993.00,95.31
1992.00,95.23
1991.00,95.24
1990.00,95.29
1989.00,95.27
1988.00,95.24
1987.00,95.27
1986.00,95.33
1985.00,95.32
1984.00,95.27
1983.00,95.30
1982.00,95.35
1981.00,95.35
1980.00,95.34
1979.00,95.40
1978.00,95.47
1977.00,95.44
1976.00,95.39
1975.00,95.42
1974.00,95.47
1973.00,95.44
1972.00,95.36
1971.00,95.36
1970.00,95.40
1969.00,95.37
1968.00,95.30
1967.00,95.31
1966.00,95.34
1965.00,95.31
1964.00,95.25
1963.00,95.25
1962.00,95.26
1961.00,95.19
1960.00,95.11
1959.00,95.12
1958.00,95.18
1957.00,95.17
1956.00,95.11
1955.00,95.09
1954.00,95.10
1953.00,95.06
1952.00,95.02
1951.00,95.04
1950.00,95.08
1949.00,95.05
1948.00,95.00
1947.00,95.02
1946.00,95.07
1945.00,95.08
1944.00,95.04
1943.00,95.03
1942.00,95.03
1941.00,94.99
1940.00,94.97
1939.00,95.01
1938.00,95.06
1937.00,95.04
1936.00,94.99
1935.00,94.97
1934.00,94.98
1933.00,94.97
1932.00,94.95
1931.00,94.96
1930.00,94.99
1929.00,94.97
1928.00,94.93
1927.00,94.95
1926.00,95.01
1925.00,95.02
1924.00,94.99
1923.00,94.98
1922.00,95.00
1921.00,95.00
1920.00,95.00
1919.00,95.03
1918.00,95.06
1917.00,95.04
1916.00,95.00
1915.00,95.02
1914.00,95.05
1913.00,95.06
1912.00,95.05
1911.00,95.06
1910.00,95.08
1909.00,95.07
1908.00,95.05
1907.00,95.09
1906.00,95.16
1905.00,95.18
1904.00,95.17
1903.00,95.19
1902.00,95.23
1901.00,95.23
1900.00,95.22
1899.00,95.23
1898.00,95.26
1897.00,95.26
1896.00,95.24
1895.00,95.26
1894.00,95.29
1893.00,95.30
1892.00,95.30
1891.00,95.32
1890.00,95.35
1889.00,95.34
1888.00,95.33
1887.00,95.35
1886.00,95.38
1885.00,95.39
1884.00,95.39
1883.00,95.41
1882.00,95.45
1881.00,95.47
1880.00,95.47
1879.00,95.49
1878.00,95.52
1877.00,95.54
1876.00,95.53
1875.00,95.54
1874.00,95.57
1873.00,95.57
1872.00,95.57
1871.00,95.60
1870.00,95.63
1869.00,95.62
1868.00,95.57
1867.00,95.58
1866.00,95.62
1865.00,95.66
1864.00,95.68
1863.00,95.71
1862.00,95.74
1861.00,95.75
1860.00,95.74
1859.00,95.75
1858.00,95.79
1857.00,95.80
1856.00,95.80
1855.00,95.81
1854.00,95.82
1853.00,95.83
1852.00,95.82
1851.00,95.84
1850.00,95.86
1849.00,95.87
1848.00,95.86
1847.00,95.88
1846.00,95.93
1845.00,95.95
1844.00,95.93
1843.00,95.92
1842.00,95.93
1841.00,95.93
1840.00,95.92
1839.00,95.94
1838.00,95.96
1837.00,95.96
1836.00,95.94
1835.00,95.94
1834.00,95.97
1833.00,96.00
1832.00,96.00
1831.00,96.00
1830.00,95.99
1829.00,95.97
1828.00,95.96
1827.00,95.98
1826.00,96.01
1825.00,96.01
1824.00,95.99
1823.00,95.99
1822.00,96.02
1821.00,96.03
1820.00,96.02
1819.00,96.02
1818.00,96.03
1817.00,96.02
1816.00,96.01
1815.00,96.00
1814.00,96.02
1813.00,96.02
1812.00,95.99
1811.00,95.98
1810.00,95.99
1809.00,95.99
1808.00,95.97
1807.00,95.97
1806.00,95.98
1805.00,95.97
1804.00,95.95
1803.00,95.93
1802.00,95.93
1801.00,95.90
1800.00,95.86
1799.00,95.84
1798.00,95.83
1797.00,95.82
1796.00,95.79
1795.00,95.77
1794.00,95.76
1793.00,95.71
1792.00,95.61
1791.00,95.53
1790.00,95.49
1789.00,95.45
1788.00,95.38
1787.00,95.31
1786.00,95.24
1785.00,95.13
1784.00,95.01
1783.00,94.88
1782.00,94.75
1781.00,94.56
1780.00,94.32
1779.00,94.10
1778.00,93.90
1777.00,93.70
1776.00,93.46
1775.00,93.22
1774.00,92.92
1773.00,92.42
1772.00,91.77
1771.00,91.21
1770.00,90.78
1769.00,90.29
1768.00,89.69
1767.00,89.08
1766.00,88.56
1765.00,88.08
1764.00,87.52
1763.00,86.77
1762.00,85.85
1761.00,84.94
1760.00,84.18
1759.00,83.49
1758.00,82.71
1757.00,81.76
1756.00,80.81
1755.00,80.09
1754.00,79.53
1753.00,78.93
1752.00,78.09
1751.00,77.00
1750.00,75.83
1749.00,74.70
1748.00,73.66
1747.00,72.82
1746.00,72.11
1745.00,71.37
1744.00,70.54
1743.00,69.73
1742.00,68.98
1741.00,68.16
1740.00,67.17
1739.00,66.24
1738.00,65.65
1737.00,65.34
1736.00,65.01
1735.00,64.17
1734.00,62.72
1733.00,61.45
1732.00,60.74
1731.00,60.25
1730.00,59.74
1729.00,59.21
1728.00,58.74
1727.00,58.37
1726.00,58.02
1725.00,57.61
1724.00,57.14
1723.00,56.72
1722.00,56.48
1721.00,56.40
1720.00,56.38
1719.00,56.20
1718.00,55.64
1717.00,54.88
1716.00,54.41
1715.00,54.28
1714.00,54.32
1713.00,54.44
1712.00,54.64
1711.00,54.86
1710.00,55.10
1709.00,55.36
1708.00,55.67
1707.00,55.99
1706.00,56.27
1705.00,56.56
1704.00,56.99
1703.00,57.58
1702.00,58.24
1701.00,58.86
1700.00,59.36
1699.00,59.84
1698.00,60.40
1697.00,61.10
1696.00,61.92
1695.00,62.75
1694.00,63.52
1693.00,64.27
1692.00,65.08
1691.00,65.94
1690.00,66.83
1689.00,67.68
1688.00,68.51
1687.00,69.32
1686.00,70.19
1685.00,71.17
1684.00,72.22
1683.00,73.10
1682.00,73.86
1681.00,74.63
1680.00,75.45
1679.00,76.26
1678.00,77.04
1677.00,77.83
1676.00,78.67
1675.00,79.49
1674.00,80.20
1673.00,80.84
1672.00,81.47
1671.00,82.15
1670.00,82.87
1669.00,83.58
1668.00,84.22
1667.00,84.76
1666.00,85.26
1665.00,85.76
1664.00,86.29
1663.00,86.82
1662.00,87.28
1661.00,87.71
1660.00,88.11
1659.00,88.50
1658.00,88.86
1657.00,89.22
1656.00,89.59
1655.00,89.97
1654.00,90.28
1653.00,90.49
1652.00,90.69
1651.00,90.87
1650.00,91.05
1649.00,91.24
1648.00,91.40
1647.00,91.52
1646.00,91.62
1645.00,91.74
1644.00,91.88
1643.00,92.00
1642.00,92.09
1641.00,92.16
1640.00,92.23
1639.00,92.31
1638.00,92.36
1637.00,92.31
1636.00,92.14
1635.00,92.04
1634.00,92.02
1633.00,92.04
1632.00,92.07
1631.00,92.10
1630.00,92.10
1629.00,92.07
1628.00,92.01
1627.00,91.98
1626.00,92.00
1625.00,92.02
1624.00,92.00
1623.00,91.96
1622.00,91.97
1621.00,92.05
1620.00,92.18
1619.00,92.33
1618.00,92.47
1617.00,92.55
1616.00,92.63
1615.00,92.74
1614.00,92.88
1613.00,93.05
1612.00,93.22
1611.00,93.39
1610.00,93.55
1609.00,93.72
1608.00,93.89
1607.00,94.07
1606.00,94.26
1605.00,94.44
1604.00,94.62
1603.00,94.79
1602.00,94.95
1601.00,95.11
1600.00,95.27
1599.00,95.42
1598.00,95.57
1597.00,95.70
1596.00,95.83
1595.00,95.95
1594.00,96.07
1593.00,96.19
1592.00,96.29
1591.00,96.39
1590.00,96.49
1589.00,96.59
1588.00,96.69
1587.00,96.78
1586.00,96.86
1585.00,96.93
1584.00,97.01
1583.00,97.07
1582.00,97.14
1581.00,97.20
1580.00,97.26
1579.00,97.33
1578.00,97.39
1577.00,97.43
1576.00,97.47
1575.00,97.51
1574.00,97.54
1573.00,97.58
1572.00,97.64
1571.00,97.71
1570.00,97.75
1569.00,97.78
1568.00,97.80
1567.00,97.83
1566.00,97.88
1565.00,97.92
1564.00,97.97
1563.00,98.01
1562.00,98.09
1561.00,98.18
1560.00,98.23
1559.00,98.21
1558.00,98.25
1557.00,98.27
1556.00,98.26
1555.00,98.28
1554.00,98.31
1553.00,98.35
1552.00,98.38
1551.00,98.40
1550.00,98.42
1549.00,98.45
1548.00,98.47
1547.00,98.49
1546.00,98.51
1545.00,98.51
1544.00,98.51
1543.00,98.52
1542.00,98.53
1541.00,98.55
1540.00,98.63
1539.00,98.73
1538.00,98.75
1537.00,98.73
1536.00,98.73
1535.00,98.74
1534.00,98.75
1533.00,98.76
1532.00,98.79
1531.00,98.81
1530.00,98.82
1529.00,98.83
1528.00,98.83
1527.00,98.82
1526.00,98.82
1525.00,98.81
1524.00,98.82
1523.00,98.82
1522.00,98.82
1521.00,98.84
1520.00,98.86
1519.00,98.88
1518.00,98.88
1517.00,98.88
1516.00,98.88
1515.00,98.87
1514.00,98.86
1513.00,98.84
1512.00,98.82
1511.00,98.80
1510.00,98.78
1509.00,98.74
1508.00,98.65
1507.00,98.54
1506.00,98.54
1505.00,98.50
1504.00,98.40
1503.00,98.29
1502.00,98.20
1501.00,98.08
1500.00,97.92
1499.00,97.68
1498.00,97.33
1497.00,96.82
1496.00,96.27
1495.00,95.80
1494.00,95.42
1493.00,95.09
1492.00,94.77
1491.00,94.40
1490.00,94.01
1489.00,93.77
1488.00,93.70
1487.00,93.69
1486.00,93.65
1485.00,93.58
1484.00,93.46
1483.00,93.29
1482.00,93.05
1481.00,92.79
1480.00,92.58
1479.00,92.45
1478.00,92.38
1477.00,92.35
1476.00,92.36
1475.00,92.42
1474.00,92.52
1473.00,92.68
1472.00,92.89
1471.00,93.07
1470.00,93.21
1469.00,93.34
1468.00,93.45
1467.00,93.53
1466.00,93.54
1465.00,93.45
1464.00,93.32
1463.00,93.20
1462.00,93.12
1461.00,93.06
1460.00,92.99
1459.00,92.85
1458.00,92.48
1457.00,91.91
1456.00,91.47
1455.00,91.21
1454.00,90.98
1453.00,90.73
1452.00,90.45
1451.00,90.17
1450.00,89.88
1449.00,89.53
1448.00,89.12
1447.00,88.73
1446.00,88.41
1445.00,88.14
1444.00,87.89
1443.00,87.63
1442.00,87.38
1441.00,87.15
1440.00,86.97
1439.00,86.83
1438.00,86.62
1437.00,86.26
1436.00,85.85
1435.00,85.57
1434.00,85.41
1433.00,85.27
1432.00,85.11
1431.00,84.89
1430.00,84.62
1429.00,84.35
1428.00,84.13
1427.00,83.97
1426.00,83.78
1425.00,83.51
1424.00,83.18
1423.00,82.92
1422.00,82.77
1421.00,82.65
1420.00,82.42
1419.00,82.02
1418.00,81.63
1417.00,81.39
1416.00,81.26
1415.00,81.17
1414.00,81.07
1413.00,80.93
1412.00,80.74
1411.00,80.53
1410.00,80.33
1409.00,80.14
1408.00,79.98
1407.00,79.83
1406.00,79.63
1405.00,79.39
1404.00,79.18
1403.00,79.05
1402.00,78.99
1401.00,78.92
1400.00,78.80
1399.00,78.66
1398.00,78.55
1397.00,78.50
1396.00,78.46
1395.00,78.42
1394.00,78.40
1393.00,78.44
1392.00,78.53
1391.00,78.65
1390.00,78.78
1389.00,78.88
1388.00,78.96
1387.00,79.02
1386.00,79.10
1385.00,79.21
1384.00,79.35
1383.00,79.50
1382.00,79.62
1381.00,79.73
1380.00,79.84
1379.00,79.95
1378.00,80.06
1377.00,80.16
1376.00,80.25
1375.00,80.30
1374.00,80.30
1373.00,80.32
1372.00,80.38
1371.00,80.45
1370.00,80.49
1369.00,80.49
1368.00,80.47
1367.00,80.48
1366.00,80.50
1365.00,80.51
1364.00,80.47
1363.00,80.35
1362.00,80.20
1361.00,80.08
1360.00,80.01
1359.00,79.97
1358.00,79.91
1357.00,79.83
1356.00,79.74
1355.00,79.63
1354.00,79.52
1353.00,79.42
1352.00,79.33
1351.00,79.24
1350.00,79.14
1349.00,79.03
1348.00,78.93
1347.00,78.83
1346.00,78.74
1345.00,78.66
1344.00,78.59
1343.00,78.54
1342.00,78.47
1341.00,78.36
1340.00,78.22
1339.00,78.08
1338.00,77.98
1337.00,77.92
1336.00,77.89
1335.00,77.86
1334.00,77.82
1333.00,77.78
1332.00,77.75
1331.00,77.71
1330.00,77.65
1329.00,77.60
1328.00,77.56
1327.00,77.53
1326.00,77.49
1325.00,77.46
1324.00,77.44
1323.00,77.41
1322.00,77.39
1321.00,77.36
1320.00,77.34
1319.00,77.31
1318.00,77.28
1317.00,77.27
1316.00,77.29
1315.00,77.31
1314.00,77.32
1313.00,77.32
1312.00,77.34
1311.00,77.37
1310.00,77.40
1309.00,77.43
1308.00,77.46
1307.00,77.49
1306.00,77.52
1305.00,77.54
1304.00,77.57
1303.00,77.59
1302.00,77.61
1301.00,77.63
1300.00,77.66
1299.00,77.70
1298.00,77.72
1297.00,77.75
1296.00,77.79
1295.00,77.82
1294.00,77.85
1293.00,77.89
1292.00,77.94
1291.00,77.98
1290.00,78.01
1289.00,78.04
1288.00,78.07
1287.00,78.09
1286.00,78.09
1285.00,78.10
1284.00,78.12
1283.00,78.14
1282.00,78.15
1281.00,78.16
1280.00,78.18
1279.00,78.17
1278.00,78.15
1277.00,78.12
1276.00,78.08
1275.00,78.03
1274.00,77.95
1273.00,77.86
1272.00,77.76
1271.00,77.62
1270.00,77.46
1269.00,77.30
1268.00,77.14
1267.00,76.95
1266.00,76.73
1265.00,76.51
1264.00,76.28
1263.00,76.03
1262.00,75.75
1261.00,75.45
1260.00,75.14
1259.00,74.81
1258.00,74.45
1257.00,74.10
1256.00,73.73
1255.00,73.34
1254.00,72.93
1253.00,72.51
1252.00,72.08
1251.00,71.62
1250.00,71.14
1249.00,70.66
1248.00,70.18
1247.00,69.69
1246.00,69.19
1245.00,68.70
1244.00,68.20
1243.00,67.70
1242.00,67.19
1241.00,66.69
1240.00,66.20
1239.00,65.71
1238.00,65.23
1237.00,64.77
1236.00,64.32
1235.00,63.87
1234.00,63.43
1233.00,63.01
1232.00,62.60
1231.00,62.21
1230.00,61.82
1229.00,61.44
1228.00,61.09
1227.00,60.74
1226.00,60.41
1225.00,60.09
1224.00,59.78
1223.00,59.49
1222.00,59.20
1221.00,58.94
1220.00,58.70
1219.00,58.47
1218.00,58.25
1217.00,58.05
1216.00,57.88
1215.00,57.72
1214.00,57.56
1213.00,57.42
1212.00,57.28
1211.00,57.15
1210.00,57.03
1209.00,56.92
1208.00,56.83
1207.00,56.73
1206.00,56.64
1205.00,56.57
1204.00,56.51
1203.00,56.46
1202.00,56.42
1201.00,56.39
1200.00,56.38
1199.00,56.37
1198.00,56.37
1197.00,56.39
1196.00,56.42
1195.00,56.45
1194.00,56.49
1193.00,56.54
1192.00,56.62
1191.00,56.69
1190.00,56.77
1189.00,56.87
1188.00,56.99
1187.00,57.13
1186.00,57.28
1185.00,57.46
1184.00,57.67
1183.00,57.91
1182.00,58.18
1181.00,58.51
1180.00,58.88
1179.00,59.30
1178.00,59.76
1177.00,60.28
1176.00,60.88
1175.00,61.51
1174.00,62.19
1173.00,62.92
1172.00,63.70
1171.00,64.50
1170.00,65.31
1169.00,66.15
1168.00,67.02
1167.00,67.86
1166.00,68.68
1165.00,69.49
1164.00,70.27
1163.00,71.01
1162.00,71.67
1161.00,72.29
1160.00,72.87
1159.00,73.37
1158.00,73.79
1157.00,74.18
1156.00,74.51
1155.00,74.77
1154.00,74.95
1153.00,75.08
1152.00,75.17
1151.00,75.20
1150.00,75.19
1149.00,75.15
1148.00,75.12
1147.00,75.05
1146.00,74.95
1145.00,74.85
1144.00,74.75
1143.00,74.62
1142.00,74.46
1141.00,74.30
1140.00,74.16
1139.00,74.00
1138.00,73.81
1137.00,73.64
1136.00,73.50
1135.00,73.37
1134.00,73.25
1133.00,73.16
1132.00,73.12
1131.00,73.08
1130.00,73.04
1129.00,73.06
1128.00,73.12
1127.00,73.19
1126.00,73.27
1125.00,73.39
1124.00,73.55
1123.00,73.71
1122.00,73.87
1121.00,74.07
1120.00,74.31
1119.00,74.55
1118.00,74.78
1117.00,75.05
1116.00,75.35
1115.00,75.65
1114.00,75.94
1113.00,76.26
1112.00,76.62
1111.00,76.96
1110.00,77.27
1109.00,77.61
1108.00,77.97
1107.00,78.32
1106.00,78.65
1105.00,79.00
1104.00,79.38
1103.00,79.74
1102.00,80.07
1101.00,80.41
1100.00,80.75
1099.00,81.03
1098.00,81.25
1097.00,81.44
1096.00,81.60
1095.00,81.68
1094.00,81.65
1093.00,81.58
1092.00,81.47
1091.00,81.29
1090.00,81.02
1089.00,80.73
1088.00,80.45
1087.00,80.15
1086.00,79.85
1085.00,79.58
1084.00,79.38
1083.00,79.18
1082.00,79.01
1081.00,78.92
1080.00,78.93
1079.00,78.98
1078.00,79.08
1077.00,79.25
1076.00,79.50
1075.00,79.76
1074.00,80.00
1073.00,80.28
1072.00,80.58
1071.00,80.85
1070.00,81.07
1069.00,81.28
1068.00,81.49
1067.00,81.63
1066.00,81.70
1065.00,81.73
1064.00,81.75
1063.00,81.70
1062.00,81.60
1061.00,81.50
1060.00,81.43
1059.00,81.31
1058.00,81.16
1057.00,81.04
1056.00,80.97
1055.00,80.89
1054.00,80.80
1053.00,80.76
1052.00,80.79
1051.00,80.82
1050.00,80.84
1049.00,80.92
1048.00,81.05
1047.00,81.18
1046.00,81.30
1045.00,81.49
1044.00,81.74
1043.00,81.99
1042.00,82.22
1041.00,82.47
1040.00,82.76
1039.00,83.02
1038.00,83.25
1037.00,83.51
1036.00,83.80
1035.00,84.05
1034.00,84.25
1033.00,84.44
1032.00,84.66
1031.00,84.84
1030.00,85.00
1029.00,85.18
1028.00,85.38
1027.00,85.54
1026.00,85.64
1025.00,85.75
1024.00,85.88
1023.00,85.97
1022.00,86.01
1021.00,86.06
1020.00,86.12
1019.00,86.14
1018.00,86.11
1017.00,86.11
1016.00,86.13
1015.00,86.12
1014.00,86.07
1013.00,86.02
1012.00,85.98
1011.00,85.91
1010.00,85.79
1009.00,85.71
1008.00,85.67
1007.00,85.63
1006.00,85.60
1005.00,85.63
1004.00,85.71
1003.00,85.78
1002.00,85.84
1001.00,85.93
1000.00,86.05
999.00,86.13
998.00,86.19
997.00,86.26
996.00,86.35
995.00,86.40
994.00,86.40
993.00,86.43
992.00,86.48
991.00,86.50
990.00,86.49
989.00,86.50
988.00,86.54
987.00,86.56
986.00,86.53
985.00,86.52
984.00,86.54
983.00,86.52
982.00,86.46
981.00,86.42
980.00,86.41
979.00,86.38
978.00,86.30
977.00,86.24
976.00,86.19
975.00,86.10
974.00,85.97
973.00,85.88
972.00,85.83
971.00,85.77
970.00,85.68
969.00,85.62
968.00,85.57
967.00,85.47
966.00,85.28
965.00,85.04
964.00,84.73
963.00,84.30
962.00,83.74
961.00,83.15
960.00,82.58
959.00,82.04
958.00,81.55
957.00,81.20
956.00,81.00
955.00,80.84
954.00,80.69
953.00,80.60
952.00,80.59
951.00,80.62
950.00,80.69
949.00,80.87
948.00,81.14
947.00,81.43
946.00,81.70
945.00,82.00
944.00,82.31
943.00,82.55
942.00,82.73
941.00,82.90
940.00,83.10
939.00,83.24
938.00,83.33
937.00,83.43
936.00,83.56
935.00,83.66
934.00,83.73
933.00,83.83
932.00,83.98
931.00,84.12
930.00,84.22
929.00,84.37
928.00,84.57
927.00,84.73
926.00,84.86
925.00,85.01
924.00,85.21
923.00,85.39
922.00,85.54
921.00,85.72
920.00,85.95
919.00,86.15
918.00,86.29
917.00,86.45
916.00,86.64
915.00,86.79
914.00,86.88
913.00,86.98
912.00,87.10
911.00,87.16
910.00,87.12
909.00,87.06
908.00,87.01
907.00,86.88
906.00,86.70
905.00,86.53
904.00,86.41
903.00,86.26
902.00,86.08
901.00,85.96
900.00,85.92
899.00,85.90
898.00,85.86
897.00,85.90
896.00,86.05
895.00,86.19
894.00,86.28
893.00,86.39
892.00,86.53
891.00,86.61
890.00,86.64
889.00,86.69
888.00,86.79
887.00,86.85
886.00,86.84
885.00,86.85
884.00,86.91
883.00,86.96
882.00,86.98
881.00,87.05
880.00,87.20
879.00,87.34
878.00,87.45
877.00,87.64
876.00,87.93
875.00,88.22
874.00,88.49
873.00,88.81
872.00,89.20
871.00,89.52
870.00,89.71
869.00,89.86
868.00,90.04
867.00,90.21
866.00,90.37
865.00,90.60
864.00,90.93
863.00,91.23
862.00,91.48
861.00,91.78
860.00,92.15
859.00,92.48
858.00,92.74
857.00,93.04
856.00,93.39
855.00,93.69
854.00,93.90
853.00,94.11
852.00,94.35
851.00,94.55
850.00,94.67
849.00,94.82
848.00,95.02
847.00,95.17
846.00,95.26
845.00,95.40
844.00,95.61
843.00,95.77
842.00,95.84
841.00,95.93
840.00,96.09
839.00,96.21
838.00,96.28
837.00,96.40
836.00,96.58
835.00,96.67
834.00,96.63
833.00,96.63
832.00,96.70
831.00,96.74
830.00,96.69
829.00,96.67
828.00,96.74
827.00,96.76
826.00,96.69
825.00,96.67
824.00,96.73
823.00,96.74
822.00,96.67
821.00,96.64
820.00,96.70
819.00,96.71
818.00,96.62
817.00,96.56
816.00,96.58
815.00,96.54
814.00,96.41
813.00,96.32
812.00,96.31
811.00,96.23
810.00,96.06
809.00,95.93
808.00,95.89
807.00,95.81
806.00,95.67
805.00,95.60
804.00,95.64
803.00,95.62
802.00,95.49
801.00,95.41
800.00,95.43
799.00,95.42
798.00,95.34
797.00,95.31
796.00,95.35
795.00,95.33
794.00,95.23
793.00,95.23
792.00,95.36
791.00,95.48
790.00,95.52
789.00,95.64
788.00,95.89
787.00,96.10
786.00,96.24
785.00,96.46
784.00,96.79
783.00,97.11
782.00,97.37
781.00,97.70
780.00,98.13
779.00,98.52
778.00,98.82
777.00,99.19
776.00,99.68
775.00,100.11
774.00,100.45
773.00,100.84
772.00,101.30
771.00,101.69
770.00,101.96
769.00,102.27
768.00,102.67
767.00,103.00
766.00,103.20
765.00,103.45
764.00,103.77
763.00,104.03
762.00,104.20
761.00,104.42
760.00,104.73
759.00,104.97
758.00,105.08
757.00,105.23
756.00,105.48
755.00,105.66
754.00,105.74
753.00,105.87
752.00,106.13
751.00,106.35
750.00,106.44
749.00,106.54
748.00,106.73
747.00,106.87
746.00,106.92
745.00,107.02
744.00,107.25
743.00,107.42
742.00,107.48
741.00,107.61
740.00,107.86
739.00,108.03
738.00,108.06
737.00,108.14
736.00,108.35
735.00,108.51
734.00,108.54
733.00,108.59
732.00,108.74
731.00,108.84
730.00,108.83
729.00,108.90
728.00,109.09
727.00,109.23
726.00,109.24
725.00,109.31
724.00,109.50
723.00,109.63
722.00,109.63
721.00,109.68
720.00,109.86
719.00,109.96
718.00,109.89
717.00,109.90
716.00,110.07
715.00,110.20
714.00,110.21
713.00,110.25
712.00,110.39
711.00,110.45
710.00,110.43
709.00,110.52
708.00,110.75
707.00,110.89
706.00,110.86
705.00,110.91
704.00,111.13
703.00,111.30
702.00,111.29
701.00,111.34
700.00,111.51
699.00,111.60
698.00,111.51
697.00,111.47
696.00,111.61
695.00,111.69
694.00,111.65
693.00,111.69
692.00,111.90
691.00,112.00
690.00,111.91
689.00,111.90
688.00,112.08
687.00,112.17
686.00,112.03
685.00,111.99
684.00,112.17
683.00,112.26
682.00,112.14
681.00,112.12
680.00,112.35
679.00,112.50
678.00,112.44
677.00,112.42
676.00,112.55
675.00,112.56
674.00,112.38
673.00,112.36
672.00,112.62
671.00,112.84
670.00,112.86
669.00,113.11
668.00,113.75
667.00,113.74
666.00,113.19
665.00,112.94
664.00,113.02
663.00,113.04
662.00,112.80
661.00,112.67
660.00,112.81
659.00,112.84
658.00,112.58
657.00,112.39
656.00,112.41
655.00,112.22
654.00,111.70
653.00,111.38
652.00,111.45
651.00,111.38
650.00,110.93
649.00,110.60
648.00,110.65
647.00,110.57
646.00,110.12
645.00,109.75
644.00,109.70
643.00,109.46
642.00,108.84
641.00,108.43
640.00,108.54
639.00,108.63
638.00,108.35
637.00,108.17
636.00,108.30
635.00,108.21
634.00,107.71
633.00,107.49
632.00,107.74
631.00,107.80
630.00,107.39
629.00,107.19
628.00,107.47
627.00,107.54
626.00,107.08
625.00,106.86
624.00,107.18
623.00,107.20
622.00,106.61
621.00,106.33
620.00,106.80
619.00,107.11
618.00,106.72
617.00,106.49
616.00,106.89
615.00,107.04
614.00,106.61
613.00,106.49
612.00,106.95
611.00,106.97
610.00,106.16
609.00,105.59
608.00,105.77
607.00,105.82
606.00,105.33
605.00,105.15
604.00,105.65
603.00,105.90
602.00,105.46
601.00,105.22
600.00,105.52
599.00,105.42
598.00,104.62
597.00,104.26
596.00,104.80
595.00,105.18
594.00,104.77
593.00,104.50
592.00,104.90
591.00,104.91
590.00,104.03
589.00,103.44
588.00,103.70
587.00,103.87
586.00,103.46
585.00,103.43
584.00,104.10
583.00,104.17
582.00,103.24
581.00,102.91
580.00,103.87
579.00,104.41
578.00,103.45
577.00,102.37
576.00,102.37
575.00,102.59
574.00,102.36
573.00,102.62
572.00,103.72
571.00,104.22
570.00,103.44
569.00,102.79
568.00,103.13
567.00,103.41
566.00,103.17
565.00,103.63
564.00,104.93
563.00,105.36
562.00,104.35
561.00,103.67
560.00,104.22
559.00,104.55
558.00,103.86
557.00,103.51
556.00,104.17
555.00,104.45
554.00,103.68
553.00,103.32
552.00,104.01
551.00,104.27
550.00,103.45
549.00,103.09
548.00,103.82
547.00,103.94
546.00,102.74
545.00,102.10
544.00,102.83
543.00,103.10
542.00,101.98
541.00,101.27
540.00,102.06
539.00,102.80
538.00,102.39
537.00,102.30
536.00,103.35
535.00,103.89
534.00,103.05
533.00,102.64
532.00,103.64
531.00,104.25
530.00,103.31
529.00,102.43
528.00,102.58
527.00,102.13
526.00,100.45
525.00,100.01
524.00,101.71
523.00,102.90
522.00,102.10
521.00,101.29
520.00,102.03
519.00,102.62
518.00,101.85
517.00,101.92
516.00,103.68
515.00,104.10
514.00,101.93
513.00,100.11
512.00,100.57
511.00,101.48
510.00,101.18
509.00,101.27
508.00,102.76
507.00,103.22
506.00,101.16
505.00,99.30
504.00,99.44
503.00,99.62
502.00,98.44
501.00,98.17
500.00,99.61
 需⽌"