x_ChCl,T,lng_ChCl,a_ChCl,lng_CA,gE_over_RT,E_hb_kJ,E_mf_kJ,A_int_kJ,S_donor,S_acceptor,S_chloride,area,volume,dipole,sig_m2,sig_m3
0.05,333.15,-14.7973,1.87321e-08,-0.0408034,-0.778628,-4.4729,-1.23933,-2.96447,20.1461,60.0721,16.3526,204.842,187.86,5.26567,179.941,-37.6175
0.1,333.15,-13.1603,1.9255e-07,-0.174279,-1.47288,-8.52896,-2.37111,-5.66065,19.3156,59.7239,17.3563,204.473,187.306,6.09624,180.535,-28.6452
0.15,333.15,-11.4717,1.56311e-06,-0.416226,-2.07455,-12.0789,-3.37846,-8.03725,18.485,59.3757,18.36,204.105,186.751,6.92681,181.129,-19.6729
0.2,333.15,-9.7718,1.14075e-05,-0.777346,-2.57624,-15.0232,-4.24256,-10.037,17.6544,59.0275,19.3638,203.736,186.197,7.75738,181.724,-10.7006
0.25,333.15,-8.12149,7.42712e-05,-1.25662,-2.97283,-17.2711,-4.94567,-11.6071,16.8238,58.6793,20.3675,203.368,185.643,8.58795,182.318,-1.72826
0.3,333.15,-6.59185,0.000411449,-1.83643,-3.26306,-18.7719,-5.47629,-12.7167,15.9932,58.3311,21.3712,203,185.089,9.41852,182.912,7.24404
0.35,333.15,-5.24223,0.00185096,-2.48533,-3.45024,-19.5416,-5.83357,-13.3708,15.1627,57.9828,22.3749,202.631,184.535,10.2491,183.507,16.2163
0.4,333.15,-4.10135,0.00662011,-3.16856,-3.54168,-19.6595,-6.0272,-13.6098,14.3321,57.6346,23.3787,202.263,183.981,11.0797,184.101,25.1886
0.45,333.15,-3.16584,0.0189804,-3.85858,-3.54685,-19.2389,-6.07283,-13.4931,13.5015,57.2864,24.3824,201.894,183.427,11.9102,184.695,34.1609
0.5,333.15,-2.41241,0.0447997,-4.53881,-3.47561,-18.3944,-5.98682,-13.0813,12.6709,56.9382,25.3861,201.526,182.873,12.7408,185.29,43.1332
0.55,333.15,-1.81128,0.0898949,-5.20185,-3.33703,-17.2235,-5.78335,-12.4262,11.8403,56.59,26.3898,201.157,182.319,13.5714,185.884,52.1055
0.6,333.15,-1.33422,0.158018,-5.846,-3.13893,-15.8025,-5.47373,-11.5684,11.0097,56.2417,27.3935,200.789,181.765,14.4019,186.478,61.0778
0.65,333.15,-0.957636,0.249469,-6.47245,-2.88782,-14.1885,-5.06684,-10.539,10.1792,55.8935,28.3973,200.42,181.211,15.2325,187.073,70.0501
0.7,333.15,-0.662889,0.360752,-7.08349,-2.58907,-12.4239,-4.56981,-9.36142,9.34859,55.5453,29.401,200.052,180.657,16.0631,187.667,79.0224
0.75,333.15,-0.435618,0.485148,-7.68155,-2.2471,-10.5405,-3.98869,-8.05387,8.51801,55.1971,30.4047,199.684,180.103,16.8937,188.261,87.9947
0.8,333.15,-0.264804,0.613885,-8.26877,-1.8656,-8.56184,-3.32884,-6.6309,7.68743,54.8489,31.4084,199.315,179.549,17.7242,188.856,96.967
0.85,333.15,-0.141916,0.73754,-8.84684,-1.44765,-6.50601,-2.5953,-5.10447,6.85685,54.5007,32.4121,198.947,178.994,18.5548,189.45,105.939
0.9,333.15,-0.0602492,0.847377,-9.41698,-0.995923,-4.3869,-1.79289,-3.48477,6.02627,54.1524,33.4159,198.578,178.44,19.3854,190.044,114.912
0.95,333.15,-0.0144184,0.936401,-9.97999,-0.512697,-2.21537,-0.926266,-1.78066,5.19568,53.8042,34.4196,198.21,177.886,20.2159,190.639,123.884
