,1;1,1;2,2;1,17;3,1;9,2;3,3;2,1;3,1;4,1;19,3;1,3;17,19;1,,
250,0.075420055,0.094671819,0.099317927,0.072753286,0.258286453,0.067514521,0.177652,0.112757833,0.216839991,0.235731311,0.005308227,0.158316046,0.064084819,,
251,0.073044959,0.087600239,0.096819779,0.068840671,0.243751781,0.060661691,0.158837043,0.106102729,0.213889934,0.227426031,0.003221918,0.151395438,0.060788376,,
252,0.070676369,0.080535688,0.09431713,0.064982435,0.229296611,0.05385754,0.140285767,0.09948217,0.210985829,0.219143408,0.001171736,0.144488803,0.057478909,,
253,0.06831852,0.073490935,0.091809599,0.061269258,0.215050412,0.047175756,0.122221655,0.0929444,0.208203662,0.210930837,-0.000793733,0.137650264,0.0541562,,
254,0.065973387,0.06648665,0.08929293,0.057757944,0.201168306,0.040691276,0.104784621,0.086502576,0.205628753,0.202810283,-0.002608693,0.130936347,0.050843952,,
255,0.063650082,0.059549816,0.086766899,0.054449129,0.187784168,0.034453109,0.088079514,0.080154928,0.203368092,0.194825261,-0.004207946,0.124427271,0.047612403,,
256,0.061354684,0.052707057,0.084239475,0.051334538,0.175025239,0.028478763,0.072215812,0.073918579,0.201535563,0.187081638,-0.00553661,0.11823052,0.044534518,,
257,0.059092472,0.045991974,0.081718189,0.048412642,0.163000786,0.022782347,0.057317532,0.067838536,0.200182356,0.179650586,-0.006586048,0.112402945,0.041685881,,
258,0.056876161,0.039435844,0.079209167,0.045663007,0.151798268,0.01735412,0.043503494,0.061963097,0.199284433,0.172575691,-0.007401762,0.106953236,0.03908883,,
259,0.054718163,0.033058284,0.076716246,0.043051439,0.141458763,0.012172812,0.030868282,0.05632901,0.198794077,0.165903402,-0.008018475,0.101887949,0.036706509,,
260,0.052627638,0.026874839,0.074243272,0.040528894,0.131979013,0.0071921,0.019464048,0.050966377,0.198670709,0.159694376,-0.008470622,0.097192912,0.034524188,,
261,0.050615273,0.020907835,0.071795927,0.038055585,0.123359065,0.002407107,0.009292877,0.045907736,0.198859241,0.153993085,-0.008812654,0.092874399,0.032537918,,
262,0.048689373,0.015182461,0.06938118,0.035594558,0.115591304,-0.00212252,0.000324404,0.041199147,0.199285734,0.148840969,-0.009100064,0.088948639,0.030747586,,
263,0.04685326,0.009720499,0.067006028,0.033127488,0.108669689,-0.006290358,-0.007490477,0.03688234,0.199912617,0.144290489,-0.00936924,0.085446857,0.029167277,,
264,0.045105058,0.004535733,0.064676166,0.030681896,0.102605819,-0.009976759,-0.014185135,0.033000403,0.200724383,0.140375759,-0.009662432,0.082401907,0.027808493,,
265,0.043436463,-0.000365355,0.062390522,0.028282526,0.097351816,-0.013115664,-0.019810778,0.029571922,0.201693744,0.137090282,-0.009985226,0.079839973,0.026657002,,
266,0.041839637,-0.004972097,0.06014467,0.025959719,0.092820495,-0.015702966,-0.02443313,0.026591774,0.2027687,0.134418716,-0.010328983,0.077772439,0.025701986,,
267,0.040314747,-0.009265373,0.057941501,0.023741501,0.088935716,-0.017737651,-0.028128538,0.024015562,0.203907456,0.132353433,-0.010677193,0.076189638,0.024968955,,
268,0.038866238,-0.013226182,0.05579394,0.02165078,0.085621476,-0.019228862,-0.030957608,0.021782333,0.205093866,0.130888674,-0.011009699,0.075053711,0.02447522,,
269,0.037499057,-0.016841584,0.053719823,0.019717538,0.082803843,-0.020209329,-0.032974633,0.019847255,0.206309313,0.130016262,-0.011329809,0.074302737,0.024229248,,
270,0.036214837,-0.020104909,0.051734583,0.017993037,0.08042765,-0.020723915,-0.034247578,0.018184718,0.207548143,0.129710102,-0.011642779,0.073860799,0.024216046,,
271,0.03500979,-0.023017019,0.049844662,0.016501085,0.078422373,-0.020853796,-0.034866557,0.016735189,0.208786033,0.129907525,-0.01194121,0.07364243,0.024375013,,
272,0.033875326,-0.025578126,0.04805454,0.015253713,0.076727267,-0.02066754,-0.034916147,0.01544612,0.209991641,0.130511807,-0.012235043,0.073564711,0.02462514,,
273,0.03280478,-0.027791391,0.046368711,0.014232927,0.075280563,-0.020246116,-0.034517064,0.014275915,0.211140937,0.131445623,-0.012516262,0.073572959,0.02494022,,
274,0.031795373,-0.029662142,0.0447948,0.013407095,0.074019888,-0.019684363,-0.03381058,0.013173482,0.212234355,0.132670668,-0.012743328,0.073646551,0.025324526,,
275,0.030848935,-0.03119977,0.043339911,0.012756575,0.072910856,-0.019056374,-0.03290952,0.012121691,0.213303796,0.134154517,-0.01285094,0.073808816,0.025784769,,
276,0.029968732,-0.032413999,0.042009845,0.012264335,0.071961133,-0.018394977,-0.031876187,0.01113312,0.214394802,0.135842083,-0.012792344,0.074084346,0.026319311,,
277,0.029156003,-0.033325647,0.04080864,0.011899052,0.0711854,-0.017721652,-0.03073684,0.010214445,0.215528559,0.137656942,-0.012564559,0.074489293,0.026920289,,
278,0.028412505,-0.033959792,0.039737326,0.011644744,0.070578635,-0.017055796,-0.029516638,0.009377587,0.216698029,0.139517068,-0.012169101,0.07499866,0.027559194,,
279,0.027745357,-0.034336703,0.038797861,0.0114907,0.070120643,-0.016416249,-0.028222886,0.008608475,0.217892689,0.141357788,-0.011592806,0.07558708,0.028226249,,
280,0.027157715,-0.034475669,0.03798658,0.011413021,0.069766646,-0.01585717,-0.026871675,0.007864022,0.219099849,0.143147592,-0.010821696,0.076252281,0.028903897,,
281,0.026648312,-0.034390941,0.037298374,0.011355827,0.069441341,-0.015446735,-0.025512092,0.007111409,0.220306868,0.144897126,-0.00984341,0.077013422,0.029579656,,
282,0.026219323,-0.034098134,0.036726348,0.011271997,0.069078814,-0.015235895,-0.024182094,0.006326949,0.221514805,0.146633882,-0.00863612,0.077874626,0.030243415,,
283,0.025872148,-0.033615992,0.036256288,0.011116523,0.068615886,-0.015250754,-0.022899438,0.005508211,0.222729014,0.148363904,-0.007192377,0.078810845,0.030894303,,
284,0.025602728,-0.032969311,0.035870448,0.010850019,0.068019628,-0.015487221,-0.021655035,0.004678384,0.223955588,0.150062789,-0.005533231,0.079784188,0.031529789,,
285,0.02540339,-0.032184059,0.035553227,0.010450309,0.067274991,-0.015931155,-0.020437037,0.003869382,0.225199994,0.151686687,-0.003691526,0.080764246,0.032159271,,
286,0.025266264,-0.031280961,0.035290534,0.00991101,0.066372302,-0.016550353,-0.019237114,0.003105541,0.22645696,0.153182102,-0.001711147,0.081740593,0.032791437,,
287,0.025183517,-0.030285467,0.035069569,0.009235961,0.065327148,-0.017333791,-0.018068529,0.002412749,0.227732721,0.154515905,0.000360524,0.082719449,0.033452447,,
288,0.025152282,-0.029217845,0.034878891,0.008420162,0.064180347,-0.018262177,-0.016947482,0.001828922,0.229043497,0.155671252,0.002467906,0.083679657,0.034159014,,
289,0.025172093,-0.028096762,0.034704944,0.007455915,0.062967877,-0.019310011,-0.015899479,0.00136883,0.230383012,0.156638953,0.00456155,0.084595939,0.03491112,,
290,0.025240968,-0.026941654,0.034534587,0.006350379,0.061713431,-0.020438451,-0.014937468,0.001066466,0.231716809,0.157423979,0.006592648,0.085453968,0.035679323,,
291,0.025355829,-0.02577212,0.034358067,0.005124757,0.060412356,-0.021609365,-0.014074561,0.000930563,0.233003981,0.158046178,0.008526388,0.086255612,0.036419845,,
292,0.025513426,-0.024607103,0.034166234,0.003800968,0.059085177,-0.022780319,-0.013320997,0.00096606,0.234191666,0.15850355,0.010336489,0.086990632,0.03706888,,
293,0.025702572,-0.023464798,0.033951941,0.002403629,0.057765175,-0.023909057,-0.012694385,0.001183202,0.235235344,0.158824667,0.011984201,0.087654557,0.03758992,,
294,0.025913072,-0.022355933,0.033711474,0.00098927,0.056469884,-0.024957505,-0.012211785,0.001604536,0.236085074,0.159023591,0.013432815,0.088237656,0.037981892,,
295,0.02613838,-0.021292318,0.03344617,-0.000359863,0.0552049,-0.025888676,-0.011866731,0.002227648,0.236696572,0.159077132,0.014657145,0.088739116,0.03824978,,
296,0.026368046,-0.020285915,0.033159773,-0.001620781,0.053927136,-0.026699483,-0.0116884,0.002983584,0.237059022,0.158971047,0.015661933,0.089152263,0.038407324,,
297,0.026590958,-0.01934379,0.032860178,-0.002803814,0.052576159,-0.027413097,-0.011733733,0.003765543,0.237194542,0.158704302,0.016478449,0.08949567,0.038467075,,
298,0.026794197,-0.018473533,0.032555101,-0.003912693,0.051120653,-0.028061181,-0.012063904,0.004470731,0.23711048,0.158290429,0.017137632,0.089785191,0.038440674,,
299,0.026961802,-0.017685281,0.032252387,-0.004954274,0.049546414,-0.028669092,-0.012716854,0.005034172,0.236805242,0.157736998,0.017636196,0.08999451,0.038319725,,
300,0.027079681,-0.016992,0.031958773,-0.005942011,0.047877706,-0.029250784,-0.013685326,0.005422593,0.236298839,0.157020442,0.017967041,0.090098371,0.03809018,,
301,0.02713607,-0.016413101,0.031679764,-0.006874761,0.046164473,-0.0297917,-0.014919212,0.005639446,0.235605269,0.156095044,0.018124576,0.090107991,0.037716077,,
302,0.027119672,-0.015971765,0.031423493,-0.007752691,0.044457807,-0.030298228,-0.016381327,0.005692055,0.234705845,0.154907515,0.018109368,0.090045867,0.037133379,,
303,0.027020125,-0.015687714,0.031203717,-0.00860109,0.042766417,-0.030830115,-0.018059493,0.005589116,0.233590692,0.153466691,0.017935557,0.089945276,0.036289363,,
304,0.026831615,-0.015574369,0.031039131,-0.009470602,0.041047354,-0.031441539,-0.019924813,0.005335414,0.232290835,0.151812689,0.017637965,0.089824726,0.035162051,,
305,0.026546402,-0.015644392,0.030949506,-0.010406099,0.039225206,-0.032176519,-0.021958319,0.004925229,0.23083247,0.149990813,0.017227195,0.089676059,0.033753896,,
306,0.026155442,-0.015909074,0.03095225,-0.011426498,0.037270367,-0.033042932,-0.024154627,0.00435507,0.229224369,0.148010633,0.01669416,0.089480528,0.032093126,,
307,0.025647698,-0.01637873,0.031065293,-0.012544191,0.035175086,-0.034014716,-0.026520096,0.003632148,0.227496869,0.145875062,0.016069009,0.089246514,0.030249898,,
308,0.025017442,-0.017059225,0.03130385,-0.013730209,0.032971104,-0.035020581,-0.029037871,0.002785134,0.225681054,0.143598544,0.015381551,0.088987637,0.028266899,,
309,0.024264974,-0.017947913,0.031690927,-0.01491761,0.030719098,-0.035971432,-0.031660489,0.001858577,0.22380694,0.141173039,0.014644849,0.088706265,0.026179381,,
310,0.023397851,-0.019036665,0.032259445,-0.016043632,0.028481967,-0.036798847,-0.034333578,0.00087036,0.22193287,0.138579364,0.013855808,0.088414989,0.024018507,,
311,0.022423906,-0.020318584,0.033046909,-0.017013873,0.026366067,-0.03741787,-0.036966097,-0.000145682,0.220118429,0.135803017,0.012993695,0.088129826,0.021817692,,
312,0.021345872,-0.02178189,0.034097497,-0.017754374,0.024524136,-0.037743348,-0.039438859,-0.001135103,0.218450226,0.132862867,0.012064948,0.087868661,0.019629586,,
313,0.020171206,-0.02341018,0.035457584,-0.018217816,0.023081812,-0.037703837,-0.041671819,-0.002071449,0.217001744,0.129771782,0.011069532,0.087636285,0.017468622,,
314,0.018912772,-0.0251866,0.037167068,-0.018382897,0.022135106,-0.037248107,-0.043639529,-0.002942245,0.215833303,0.126537491,0.009996837,0.087441724,0.015339705,,
315,0.01758829,-0.027092647,0.039266128,-0.018235049,0.021781901,-0.036334119,-0.045335844,-0.003744117,0.215024624,0.123210057,0.008867321,0.087332258,0.013287004,,
316,0.016213332,-0.029106118,0.041797728,-0.017765721,0.02212737,-0.034923202,-0.046749989,-0.004478908,0.214644434,0.11987056,0.007742129,0.087373639,0.011395232,,
317,0.014798336,-0.031200383,0.044806514,-0.016934692,0.023279832,-0.032985964,-0.047879512,-0.00516599,0.214745527,0.116595651,0.006699618,0.087619859,0.009749267,,
318,0.013359779,-0.03334846,0.048345143,-0.015688139,0.025349896,-0.030513565,-0.048705898,-0.005824699,0.21531733,0.113411801,0.005795479,0.088106222,0.008382804,,
319,0.011913685,-0.035523427,0.052465814,-0.013965785,0.028453515,-0.027483745,-0.049198498,-0.006440358,0.216324011,0.110324339,0.005068995,0.088858945,0.007335585,,
320,0.010479046,-0.037692938,0.057223336,-0.011690033,0.032718792,-0.02388634,-0.049326984,-0.006990219,0.21774233,0.107373951,0.004551084,0.089920062,0.006669892,,
321,0.009073614,-0.039825355,0.062676937,-0.008750736,0.038311345,-0.019702201,-0.049013945,-0.007430829,0.219544216,0.104610459,0.004267386,0.091338521,0.006459468,,
322,0.007719078,-0.04189514,0.068885153,-0.005022029,0.04542232,-0.014920751,-0.048151271,-0.007704433,0.22172423,0.102098624,0.004251741,0.09314385,0.006800925,,
323,0.006444705,-0.043876512,0.075906128,-0.000380278,0.054259926,-0.009538603,-0.046615612,-0.007733033,0.224268731,0.09988974,0.004563285,0.095381681,0.007780249,,
324,0.005290171,-0.045739481,0.08380124,0.005274515,0.064995593,-0.003572606,-0.044285639,-0.00745312,0.227145593,0.098035112,0.005238248,0.098080803,0.009451842,,
325,0.004303351,-0.04745139,0.092631781,0.012056505,0.077784221,0.002973963,-0.041016713,-0.006766105,0.230300268,0.096566549,0.006272586,0.101267611,0.011853865,,
326,0.0035346,-0.048978714,0.102450918,0.020106265,0.092765958,0.010100746,-0.036651581,-0.005556578,0.233668091,0.095527276,0.007669894,0.104981995,0.015031035,,
327,0.003035455,-0.050284762,0.113306778,0.029559593,0.110027269,0.017778266,-0.031063333,-0.003722952,0.237186494,0.094998395,0.00942835,0.109280215,0.019030779,,
328,0.002865489,-0.051330958,0.125245844,0.040503281,0.129583863,0.02592234,-0.024139825,-0.001190004,0.240786819,0.095075114,0.011531224,0.114185207,0.023862885,,
329,0.003082452,-0.052080236,0.138299798,0.052925738,0.15136447,0.034334425,-0.015856896,0.002052962,0.244381186,0.095879308,0.013957398,0.119702066,0.029557539,,
330,0.003747307,-0.052494656,0.152487079,0.066759242,0.17523528,0.042772381,-0.006234538,0.005988962,0.247871752,0.097573964,0.016698971,0.125842606,0.036178544,,
331,0.004924832,-0.052533751,0.167816641,0.081878617,0.201015992,0.050968752,0.004687964,0.010620486,0.251150219,0.100341874,0.019729902,0.132576985,0.043795215,,
332,0.006683369,-0.052148125,0.184242058,0.0981231,0.228463296,0.058601497,0.016842006,0.015948584,0.25409532,0.104407303,0.023035361,0.139849295,0.052449616,,
333,0.009090212,-0.051284606,0.201554274,0.115297909,0.257272587,0.065300367,0.030134037,0.02196059,0.256974634,0.110042816,0.027011022,0.147594381,0.06217218,,
334,0.012212727,-0.049884283,0.219528124,0.133163198,0.287044793,0.07064612,0.044446452,0.02862555,0.26067019,0.117529998,0.032047257,0.155723457,0.072992229,,
335,0.016123537,-0.047887512,0.237917162,0.151445068,0.317267935,0.074196432,0.059661939,0.035895967,0.266030857,0.127132021,0.038496453,0.164087884,0.084926024,,
336,0.020899319,-0.045231277,0.256449963,0.16981986,0.34730675,0.075975557,0.075436468,0.043689718,0.273892826,0.139121293,0.046682929,0.17250742,0.098005934,,
337,0.026618666,-0.041847133,0.274829654,0.187908154,0.376374792,0.076201427,0.091396564,0.051892738,0.285074674,0.153787253,0.056891783,0.180787704,0.11226078,,
338,0.033362376,-0.037661193,0.292733955,0.205229413,0.403520048,0.075053701,0.107096051,0.060368,0.3003463,0.17140727,0.069387452,0.188711504,0.127681951,,
339,0.041210424,-0.032597855,0.309805765,0.221199491,0.427616315,0.072715341,0.122046166,0.068947318,0.320402674,0.192242666,0.084390608,0.196037448,0.144212221,,
340,0.050233194,-0.026589988,0.32564941,0.235138935,0.447357797,0.069339928,0.135672835,0.077444562,0.345888559,0.216545495,0.101977346,0.202487534,0.16176778,,
341,0.060489573,-0.019577445,0.339826772,0.246269855,0.458322,0.065060463,0.147341385,0.085649964,0.377019081,0.244531922,0.122177524,0.207741352,0.180087049,,
342,0.072036516,-0.011497502,0.351867403,0.253683097,0.453126694,0.059925576,0.156331456,0.093329056,0.413935075,0.276381587,0.144931124,0.211442927,0.198850399,,
343,0.084925373,-0.002290965,0.361261746,0.256298,0.437581392,0.053746049,0.161795516,0.100194483,0.455990488,0.312078493,0.169848952,0.213041805,0.217555328,,
344,0.09918534,0.008089651,0.367456932,0.252916368,0.414957963,0.046979991,0.162754,0.105772226,0.501137154,0.35210684,0.195858102,0.212770287,0.235754755,,
345,0.114817492,0.019664566,0.36629259,0.24493338,0.388337833,0.040026625,0.158134445,0.110048003,0.547188548,0.395676441,0.221605271,0.210773089,0.253024461,,
346,0.131803807,0.032440904,0.367882,0.233691427,0.359510554,0.033469568,0.149449781,0.113645253,0.589916096,0.441903503,0.246584987,0.207754667,0.269457161,,
347,0.149983092,0.046397943,0.360773658,0.220364035,0.330086427,0.027818891,0.138108905,0.117178713,0.622148,0.489465715,0.269263166,0.204368043,0.28503208,,
348,0.169172997,0.061433269,0.350033419,0.205995169,0.301439187,0.023497894,0.12540776,0.121166685,0.61903726,0.535035782,0.287931615,0.201223957,0.299597585,,
349,0.189177021,0.077408127,0.336615946,0.191471292,0.274744092,0.02078664,0.112514634,0.125956385,0.61903726,0.574102159,0.300723972,0.198869336,0.312829401,,
350,0.2097811,0.094152465,0.321434115,0.17754931,0.250982518,0.019809306,0.100449921,0.131809972,0.613693838,0.598567,0.305575,0.197799907,0.324140842,,
351,0.230953268,0.111387503,0.305094675,0.164850323,0.230986214,0.020543014,0.089530594,0.138846055,0.589377876,0.595574165,0.300249401,0.198430149,0.329340025,,
352,0.252508869,0.128818708,0.288173493,0.153861536,0.214290132,0.022939283,0.07993778,0.147050858,0.560489158,0.585495681,0.288309799,0.201126785,0.329340025,,
353,0.274217106,0.146113722,0.27119421,0.144951171,0.20030143,0.026875819,0.07174305,0.156283893,0.530420042,0.559984324,0.271494564,0.206083268,0.329340025,,
354,0.295499223,0.162806774,0.254648903,0.137396333,0.188337938,0.032223201,0.064928302,0.166344179,0.502381446,0.528281651,0.25136288,0.212951588,0.330995,,
355,0.315374051,0.178224425,0.238993867,0.130348891,0.177619131,0.038776245,0.059356384,0.176900566,0.476945523,0.495093062,0.229334783,0.221508553,0.314697312,,
356,0.332820185,0.191663804,0.224343302,0.123122642,0.167620794,0.04632675,0.054839602,0.187515794,0.454457009,0.461531202,0.206642399,0.231428649,0.292185939,,
357,0.34678145,0.202381362,0.210694294,0.116333395,0.158030069,0.055196418,0.051470588,0.19768104,0.435047072,0.428442837,0.184310014,0.24227674,0.266981217,,
358,0.355745,0.209608373,0.197876741,0.110623842,0.149247354,0.065674546,0.04926863,0.20680688,0.418700638,0.396494013,0.163197181,0.253529893,0.242419388,,
359,0.354216275,0.212321,0.18567259,0.105964484,0.141377657,0.07802915,0.048036781,0.211420585,0.405301805,0.366103048,0.144074579,0.264558796,0.220263801,,
360,0.354676283,0.20935495,0.173964402,0.102244528,0.134381449,0.092417046,0.047556288,0.211420585,0.394560776,0.337438838,0.127594327,0.27465162,0.201502156,,
361,0.347429951,0.202244104,0.162640094,0.099261817,0.128133581,0.108921428,0.04757117,0.211420585,0.386024848,0.310487582,0.114321217,0.281841566,0.185808889,,
362,0.337076689,0.19213872,0.151576758,0.096683999,0.122628443,0.127584487,0.048168812,0.211420585,0.379108253,0.285100503,0.103945771,0.283992,0.172723909,,
363,0.324149937,0.179862388,0.140864283,0.093965152,0.117857826,0.147660563,0.049361772,0.212483,0.373159645,0.261042932,0.095496646,0.278884031,0.161718543,,
364,0.309148647,0.166035934,0.130562107,0.090584202,0.113792243,0.168339142,0.051233924,0.197817036,0.367065418,0.23801399,0.087954644,0.269335606,0.152492742,,
365,0.292536314,0.151251694,0.120721635,0.086635615,0.110466532,0.18869315,0.053574313,0.178975522,0.359825414,0.216677596,0.080848728,0.256667464,0.144394929,,
366,0.27474259,0.136074705,0.111379442,0.082159531,0.107796405,0.207639544,0.056099684,0.158551508,0.350369616,0.197290846,0.074154895,0.242083206,0.136675369,,
367,0.256164472,0.120767063,0.102566464,0.07714449,0.10560882,0.223940704,0.058437434,0.137802335,0.339432932,0.179982511,0.067792592,0.226677862,0.128438881,,
368,0.237158646,0.105573739,0.094314113,0.071558197,0.103671512,0.236223699,0.060105121,0.117482272,0.327682555,0.164868811,0.061649353,0.21119277,0.11984518,,
369,0.218037193,0.090718618,0.086636935,0.065539504,0.101731969,0.242907,0.060515604,0.098136518,0.315618549,0.151958258,0.055535902,0.196297169,0.111030213,,
370,0.19908163,0.076406481,0.079527785,0.05920389,0.099514332,0.240556251,0.058682242,0.080246481,0.303535918,0.141101769,0.049191393,0.181991734,0.10193838,,
371,0.180553347,0.062825072,0.072973553,0.052629593,0.096723984,0.232148509,0.054632478,0.063854799,0.291621332,0.132071842,0.042280988,0.168213681,0.092384189,,
372,0.162683701,0.050111661,0.066961036,0.045992228,0.093523749,0.218966535,0.048827188,0.04897432,0.280049317,0.12466252,0.035012674,0.155089709,0.082597442,,
373,0.145683435,0.038390169,0.061473825,0.039437406,0.090056945,0.202157468,0.041674152,0.035570168,0.268962836,0.11867598,0.027573658,0.142715291,0.072792699,,
374,0.129744823,0.027652769,0.056489134,0.033083469,0.086453774,0.182734902,0.033547381,0.023601523,0.258492702,0.113947334,0.020142853,0.131171962,0.063169866,,
375,0.115048134,0.017884725,0.051984642,0.027031394,0.082832832,0.161596553,0.024786565,0.013025576,0.248750413,0.110339836,0.012882139,0.120524052,0.053896176,,
376,0.101655555,0.00906588,0.047939029,0.021364548,0.07929495,0.139520556,0.015684654,0.003779438,0.239810131,0.107709901,0.005907001,0.110798139,0.045087038,,
377,0.089512126,0.001171006,0.044329521,0.016161868,0.075927781,0.117181693,0.006503699,-0.004197675,0.231727915,0.105929548,-0.000702086,0.10199956,0.036842985,,
378,0.078554323,-0.005829577,0.041131246,0.011464181,0.072783271,0.095141336,-0.00253527,-0.01097047,0.224523913,0.104882925,-0.006884356,0.094115212,0.029250106,,
379,0.068715803,-0.011983708,0.0383175,0.007302862,0.069871894,0.073852837,-0.011234792,-0.016610593,0.218184101,0.104461072,-0.012588179,0.087134804,0.022385109,,
380,0.059927522,-0.017339904,0.035861282,0.003704602,0.067201145,0.053676516,-0.019400963,-0.021193332,0.212682047,0.104576155,-0.017744771,0.081046312,0.016326103,,
381,0.052119642,-0.021945818,0.033738233,0.000669805,0.06476439,0.03489669,-0.026884691,-0.024812726,0.207971753,0.105152176,-0.022287709,0.075821989,0.011144287,,
382,0.045219235,-0.025853161,0.031924243,-0.00180761,0.062535129,0.017754016,-0.033557758,-0.027557926,0.20398379,0.106099673,-0.026154076,0.071411669,0.006886135,,
383,0.039153773,-0.029116019,0.030397289,-0.003741238,0.060474889,0.002455795,-0.039295269,-0.029501823,0.200664742,0.10734521,-0.029274786,0.067762802,0.003593154,,
384,0.033850495,-0.031789211,0.029136154,-0.005174197,0.05851848,-0.010831174,-0.043995256,-0.030717892,0.198051489,0.108817283,-0.031599493,0.064813071,0.00129317,,
385,0.029235815,-0.033926697,0.028121744,-0.00616816,0.056598526,-0.021971332,-0.047587696,-0.031287305,0.196186016,0.110443781,-0.03309155,0.062481865,-0.00000419,,
386,0.025230622,-0.035582682,0.027333137,-0.006776113,0.05473053,-0.031141958,-0.050179083,-0.031287778,0.195110915,0.11214998,-0.033722434,0.060688385,-0.00030092,,
387,0.021755783,-0.036807006,0.02675403,-0.007062206,0.052938624,-0.038532207,-0.051894264,-0.030810936,0.194730904,0.113875665,-0.033613583,0.05933443,0.000278773,,
388,0.018774944,-0.037645692,0.026371599,-0.007093154,0.051253653,-0.04432684,-0.052861221,-0.029943883,0.194961734,0.115584535,-0.032866251,0.058341648,0.001616472,,
389,0.01625509,-0.038142163,0.026172878,-0.006930307,0.049715378,-0.048708163,-0.053179815,-0.028758093,0.195728067,0.117249036,-0.03158478,0.057664238,0.003582449,,
390,0.014166068,-0.038335605,0.026142592,-0.00661052,0.048360245,-0.051861427,-0.052939455,-0.027312743,0.196941851,0.118835641,-0.02988043,0.057269445,0.006032689,,
391,0.012478249,-0.038261056,0.026261775,-0.006169546,0.047213848,-0.053960268,-0.052226493,-0.025652279,0.198516834,0.120321708,-0.027865397,0.057124506,0.008822207,,
392,0.011162719,-0.037949562,0.026509127,-0.005646113,0.046305358,-0.055159326,-0.051115071,-0.023817257,0.200375758,0.12169665,-0.025647861,0.057211546,0.011813694,,
393,0.010191823,-0.037430427,0.026865646,-0.005074221,0.045682535,-0.055601324,-0.049667478,-0.021861026,0.202449432,0.122946337,-0.023330395,0.057537018,0.014866775,,
394,0.009540318,-0.036730865,0.027315112,-0.004479857,0.04531203,-0.055423166,-0.047937422,-0.019846588,0.204678617,0.124066851,-0.021000361,0.058133512,0.017845083,,
395,0.009186887,-0.035876202,0.02784057,-0.003885035,0.045150659,-0.05475517,-0.04597538,-0.017833494,0.207024811,0.125051917,-0.018733328,0.059054421,0.020621117,,
396,0.009110245,-0.034889734,0.028424925,-0.003309107,0.045167126,-0.053708997,-0.043827453,-0.015853471,0.209442669,0.125882585,-0.016622164,0.060183859,0.023072693,,
397,0.009289292,-0.033790478,0.029053861,-0.002772585,0.045346968,-0.052387965,-0.041534896,-0.013919897,0.211887411,0.126544445,-0.014766496,0.06141346,0.025083835,,
398,0.00970486,-0.032594023,0.029718098,-0.002299861,0.045667009,-0.050886852,-0.039145262,-0.012042274,0.214327802,0.127043779,-0.013258064,0.062647443,0.026543127,,
399,0.010327655,-0.031316763,0.030408248,-0.001928196,0.046085463,-0.049297229,-0.036713652,-0.010238678,0.216755396,0.127399561,-0.012171682,0.063826778,0.02736832,,
400,0.01112626,-0.029975711,0.031112607,-0.001665168,0.046578448,-0.04769245,-0.034294336,-0.008516689,0.219162991,0.127634609,-0.011503436,0.064910957,0.027643153,,
401,0.012068378,-0.028588074,0.031819186,-0.001493792,0.047137625,-0.046115302,-0.03194238,-0.006875441,0.221551617,0.12778509,-0.011220942,0.065889033,0.027446428,,
402,0.013123527,-0.027169835,0.032516871,-0.001393361,0.047752018,-0.044589963,-0.02971358,-0.005313507,0.22393006,0.127871523,-0.011288884,0.066766722,0.026853994,,
403,0.014263238,-0.025735949,0.033196888,-0.001337605,0.048417263,-0.043140819,-0.027662511,-0.003820446,0.226300899,0.127911445,-0.011656284,0.067557368,0.025950933,,
404,0.015460855,-0.024300303,0.033852595,-0.001303285,0.049137126,-0.041771542,-0.025830058,-0.002375452,0.228653872,0.127923101,-0.012250026,0.068267287,0.024818285,,
405,0.016693953,-0.022872183,0.034477534,-0.001279117,0.049917482,-0.040476766,-0.024250095,-0.000964694,0.230974583,0.12792928,-0.012990794,0.068911264,0.023531464,,
406,0.017945882,-0.021455623,0.03506708,-0.001259085,0.050755905,-0.039255103,-0.022962789,0.000409978,0.233245036,0.127959916,-0.013803806,0.069502856,0.022146691,,
407,0.019203622,-0.020050649,0.035619827,-0.0012474,0.051633597,-0.038103774,-0.022012086,0.001739123,0.235434295,0.128038422,-0.014630512,0.070047507,0.02070732,,
408,0.020456075,-0.018655752,0.036137361,-0.001262483,0.052527766,-0.037039978,-0.021449089,0.003005243,0.237499284,0.12817394,-0.015432738,0.070551636,0.01925248,,
409,0.021695125,-0.017272168,0.03662241,-0.001324613,0.053399471,-0.036090596,-0.021347843,0.004186217,0.23939939,0.128360291,-0.016169344,0.071022333,0.017838669,,
410,0.022912314,-0.015903227,0.037075887,-0.001466189,0.054186976,-0.035296364,-0.021797304,0.005254352,0.24110321,0.128584801,-0.016786441,0.071472761,0.016524542,,
411,0.024100192,-0.014555314,0.037497594,-0.001712801,0.054844849,-0.034696231,-0.022898402,0.006175395,0.242572549,0.128844564,-0.017241767,0.07191632,0.015363635,,
412,0.025250457,-0.013238836,0.037886321,-0.002072858,0.055359647,-0.034292275,-0.024555406,0.00692991,0.243737606,0.129128635,-0.01750635,0.072373132,0.014411369,,
413,0.026353683,-0.011965392,0.038240186,-0.002531798,0.055727229,-0.034058323,-0.026673517,0.007517768,0.244499342,0.129417653,-0.01759187,0.072864762,0.013715275,,
414,0.027402962,-0.01074395,0.038558131,-0.003053259,0.055948304,-0.033968865,-0.029171321,0.007937878,0.244756696,0.129702884,-0.01750795,0.073393348,0.013238875,,
415,0.028394263,-0.009578151,0.038840329,-0.003592363,0.056019116,-0.034002731,-0.031974983,0.008178282,0.244551903,0.129968952,-0.017281606,0.07394568,0.012949893,,
416,0.029324368,-0.008468571,0.039090804,-0.004088805,0.055941514,-0.034142619,-0.035012115,0.008211378,0.243930373,0.130201681,-0.016949581,0.074495989,0.01282095,,
417,0.030190413,-0.007415524,0.039313083,-0.004468125,0.055728576,-0.034366697,-0.03819553,0.008057555,0.242934464,0.13039679,-0.01654432,0.07501908,0.012816977,,
418,0.030989538,-0.006420686,0.039507422,-0.004641155,0.055398235,-0.034650497,-0.041434473,0.007738021,0.241595819,0.130541115,-0.016104173,0.075491184,0.012896056,,
419,0.031720028,-0.005484144,0.039674322,-0.004513223,0.054965845,-0.034957181,-0.0446287,0.007272475,0.239954268,0.130635144,-0.015653834,0.075896893,0.013018235,,
420,0.032379709,-0.004604125,0.039815663,-0.004142999,0.054440009,-0.035251972,-0.047690477,0.006680451,0.238059896,0.130692431,-0.015214255,0.076223056,0.013155799,,
421,0.032965503,-0.003779587,0.039933115,-0.003598304,0.053841383,-0.035493551,-0.050542702,0.005983047,0.235975859,0.130725739,-0.014817939,0.076467947,0.01329733,,
422,0.033476968,-0.003007935,0.040029531,-0.002930994,0.053199189,-0.035629665,-0.053100657,0.005212123,0.233769019,0.130743312,-0.014480774,0.076639877,0.013441504,,
423,0.033916205,-0.002286559,0.040109833,-0.002189454,0.052526471,-0.035689609,-0.055276576,0.004397898,0.231507208,0.130748264,-0.014213759,0.076751598,0.013585828,,
424,0.03428813,-0.001612,0.040180798,-0.00139529,0.051833305,-0.035691575,-0.056962471,0.003583918,0.229254438,0.130744172,-0.014018533,0.076818654,0.013724855,,
425,0.034600275,-0.000982292,0.040249869,-0.000567948,0.051140079,-0.035646639,-0.058051603,0.002812393,0.227069223,0.130745015,-0.013879569,0.076866606,0.013858218,,
426,0.034860257,-0.000396383,0.040323627,0.000265956,0.050460945,-0.035569643,-0.058447221,0.002110913,0.224998278,0.130759969,-0.013771795,0.076917428,0.013994271,,
427,0.035076864,0.000148189,0.040408815,0.001077323,0.049794534,-0.035476178,-0.058284378,0.001490838,0.223071655,0.130785762,-0.013662807,0.076987522,0.014138397,,
428,0.035257365,0.000652881,0.040511925,0.001844065,0.049138347,-0.035386916,-0.057679538,0.000952464,0.22130801,0.130809986,-0.013528545,0.077090745,0.014299426,,
429,0.035406569,0.001116423,0.040638124,0.002552015,0.048493223,-0.035318613,-0.056734459,0.000491395,0.219720657,0.130801837,-0.013357314,0.077246533,0.014491213,,
430,0.035519559,0.001536577,0.040772847,0.003188607,0.047865664,-0.035277697,-0.055530697,0.000094907,0.218291949,0.130697328,-0.013157803,0.07744895,0.014715263,,
431,0.035594859,0.001912719,0.04090358,0.003738977,0.047258607,-0.0352711,-0.054142595,-0.000260372,0.217003284,0.13043038,-0.012932443,0.077687364,0.014967313,,
432,0.035632994,0.002246448,0.041019838,0.004191887,0.046669974,-0.035296279,-0.052636654,-0.000599156,0.215847077,0.130042774,-0.012679633,0.077962221,0.01525073,,
433,0.035635002,0.002541704,0.041113924,0.004547033,0.04610037,-0.035343268,-0.051060654,-0.000936176,0.214812408,0.129578202,-0.012398621,0.078272607,0.015567255,,
434,0.035603974,0.002804621,0.04118232,0.004796625,0.045541871,-0.035408673,-0.049463572,-0.00128521,0.213891983,0.129074588,-0.012088435,0.078614279,0.015918155,,
435,0.035543856,0.003040176,0.041224738,0.004934462,0.044984978,-0.035484324,-0.047883352,-0.001651733,0.213068608,0.128547591,-0.011767418,0.078966487,0.016291134,,
436,0.035458317,0.003251593,0.041242371,0.004966189,0.04442281,-0.035557423,-0.046352704,-0.002036961,0.212322917,0.12800521,-0.011462656,0.079304343,0.016680087,,
437,0.035349783,0.003440534,0.041237799,0.004906248,0.043858562,-0.035612193,-0.044901404,-0.00243552,0.211634205,0.127457903,-0.011198153,0.079607927,0.017087041,,
438,0.035221798,0.003610403,0.041214564,0.004771371,0.043296363,-0.035639325,-0.043547386,-0.002829528,0.210989672,0.126912662,-0.010991516,0.079864175,0.017519261,,
439,0.035079462,0.003764884,0.041175473,0.004582796,0.042744068,-0.035630384,-0.04229776,-0.00320252,0.210388752,0.126366551,-0.010849764,0.080061343,0.017990989,,
440,0.0349263,0.003905226,0.041123822,0.004360757,0.042204991,-0.035591138,-0.041157132,-0.003544067,0.209833993,0.125821395,-0.010772182,0.080192702,0.018518282,,
441,0.034765059,0.004031345,0.041062547,0.00412896,0.041678928,-0.035536699,-0.040136097,-0.003847185,0.209331083,0.125275303,-0.010750987,0.080256205,0.019106291,,
442,0.034598979,0.004143545,0.040994358,0.003910747,0.041167855,-0.035474296,-0.039244965,-0.004109126,0.208892508,0.124724208,-0.010765269,0.080257334,0.019753334,,
443,0.034429937,0.004241671,0.040920902,0.003715237,0.040674304,-0.03540683,-0.038494642,-0.004329859,0.208530267,0.124167251,-0.010792718,0.080203218,0.020458599,,
444,0.034257879,0.004324773,0.040842994,0.003543697,0.040201013,-0.035331796,-0.037890157,-0.004510066,0.208257658,0.123612619,-0.010816625,0.08010967,0.021224934,,
445,0.034084807,0.004393024,0.040762972,0.00339083,0.039747595,-0.03525347,-0.037435252,-0.004655378,0.208075741,0.123064141,-0.010827786,0.079996217,0.0220546,,
446,0.03391463,0.004448332,0.040683744,0.00324968,0.039310414,-0.035185399,-0.037132345,-0.004775924,0.207979451,0.122525871,-0.010819665,0.079879112,0.02294998,,
447,0.033751914,0.0044937,0.040608647,0.003106757,0.038886396,-0.035147716,-0.036987631,-0.004882788,0.207962472,0.122009748,-0.010783665,0.079773533,0.023909294,,
448,0.033600352,0.004531903,0.040539964,0.002942676,0.038470529,-0.035159319,-0.037004151,-0.004989332,0.207999874,0.121526377,-0.010718333,0.079684712,0.024918772,,
449,0.033462265,0.004565437,0.040478881,0.002742943,0.038057872,-0.035227412,-0.03717113,-0.005107523,0.208053293,0.121084004,-0.010632977,0.079616273,0.02595781,,
450,0.033338489,0.004595298,0.040425426,0.002506195,0.037648273,-0.035348282,-0.037461856,-0.005243177,0.208075406,0.120685658,-0.010542782,0.079569082,0.026995588,,
451,0.033227938,0.004619668,0.040378738,0.002237346,0.037239092,-0.035515912,-0.037845103,-0.005399738,0.208025789,0.120338003,-0.010465798,0.079537194,0.02799989,,
452,0.03312795,0.004635161,0.040337885,0.001950209,0.0368379,-0.035718466,-0.038284937,-0.005577207,0.207863944,0.120046521,-0.010422872,0.079515364,0.028939915,,
453,0.033034327,0.004638007,0.040301975,0.001667926,0.036461077,-0.035938222,-0.038733835,-0.00577242,0.207648665,0.119817004,-0.010427824,0.079499237,0.029784232,,
454,0.03294384,0.00462454,0.040270386,0.001411996,0.036127063,-0.036159762,-0.039139513,-0.005977211,0.207437463,0.119655902,-0.010485548,0.079486205,0.030507616,,
455,0.032855169,0.004592968,0.040242798,0.001198723,0.035856468,-0.036367451,-0.039499062,-0.006180406,0.20727093,0.119558348,-0.01060048,0.079468362,0.031091058,,
456,0.032768351,0.004541948,0.040219895,0.001039124,0.035666066,-0.036549323,-0.039814966,-0.006377547,0.207183658,0.119521701,-0.010775465,0.079438348,0.031514313,,
457,0.032685385,0.004471961,0.040202631,0.00094297,0.03557206,-0.036701281,-0.040087988,-0.006569756,0.207195961,0.119544051,-0.011006758,0.079390713,0.031755184,,
458,0.032609019,0.004384994,0.040191622,0.000919729,0.035595619,-0.036824145,-0.04031702,-0.006755703,0.207310017,0.119621699,-0.01128271,0.079322852,0.031792414,,
459,0.032540701,0.00428246,0.040184127,0.000963792,0.035752404,-0.036922215,-0.040505594,-0.006935979,0.207524311,0.119744726,-0.011585456,0.079234944,0.031603617,,
460,0.032481284,0.004166455,0.040178534,0.001059768,0.036058825,-0.036998203,-0.040657958,-0.007115281,0.207832757,0.119900149,-0.011897914,0.079123657,0.031168723,,
461,0.032430121,0.004039923,0.040174323,0.001189684,0.036527957,-0.037058031,-0.040777254,-0.007297719,0.208231303,0.120075612,-0.01220471,0.078989042,0.030529828,,
462,0.032384338,0.003904996,0.040170846,0.001343012,0.03713407,-0.037106786,-0.040860554,-0.007480737,0.208718406,0.120260683,-0.012492663,0.078837629,0.029729743,,
463,0.032340154,0.003762151,0.040166856,0.001509179,0.037855551,-0.037151386,-0.040898437,-0.007657614,0.209299663,0.120455967,-0.012748605,0.078687406,0.028813025,,
464,0.032293807,0.0036118,0.040162358,0.001681224,0.038669774,-0.037184241,-0.0408991,-0.007825988,0.209983294,0.120662242,-0.012965607,0.078553865,0.027820224,,
465,0.032242881,0.003456748,0.040158201,0.001856869,0.039563446,-0.03719931,-0.040872096,-0.007983995,0.210764314,0.120873966,-0.013152513,0.07844092,0.026777824,,
466,0.032187667,0.003301895,0.04015686,0.002038112,0.040529516,-0.037188948,-0.040813148,-0.008120009,0.211633169,0.1210801,-0.01331521,0.078351791,0.025701446,,
467,0.032130952,0.003153429,0.040161158,0.002227719,0.041561796,-0.037149925,-0.040707525,-0.008213595,0.212586756,0.121267556,-0.013453028,0.078295173,0.024608296,,
468,0.032075051,0.003016962,0.040173216,0.002430687,0.042647351,-0.037082327,-0.040546221,-0.008248239,0.213622229,0.121431311,-0.013559354,0.078284297,0.023525329,,
469,0.032020899,0.002896681,0.040194254,0.002650429,0.043766126,-0.036984286,-0.040333985,-0.008217901,0.214735123,0.121580132,-0.013624342,0.078325638,0.022485968,,
470,0.031969664,0.002795857,0.040224845,0.002885963,0.044902851,-0.036851892,-0.04007754,-0.008123471,0.215915753,0.121725697,-0.013640504,0.07842633,0.021533571,,
471,0.031921223,0.002716298,0.040263393,0.003133263,0.046044735,-0.036684761,-0.039784674,-0.007970384,0.217147411,0.12187902,-0.013606546,0.078588822,0.020716978,,
472,0.031874157,0.002658671,0.040306339,0.003390711,0.047174988,-0.036489235,-0.039463027,-0.007766256,0.218407798,0.122045433,-0.0135284,0.078807098,0.020075618,,
473,0.031825478,0.002622007,0.040350359,0.003660684,0.048277081,-0.036282737,-0.039122218,-0.007521343,0.219683086,0.122235173,-0.013407073,0.079080397,0.019645649,,
474,0.031773756,0.002604056,0.040392828,0.00394314,0.049332637,-0.036084186,-0.038778236,-0.007252974,0.220971777,0.122464909,-0.013242014,0.07941364,0.019457624,,
475,0.031719314,0.002602019,0.04043147,0.004230295,0.05032922,-0.035905487,-0.038446993,-0.006983072,0.222275679,0.122749335,-0.013036509,0.079813123,0.01953441,,
476,0.031662414,0.002613991,0.04046454,0.004512669,0.051261742,-0.035750697,-0.038142514,-0.006726678,0.223596815,0.123090116,-0.012797473,0.080275581,0.019887835,,
477,0.031602935,0.00263925,0.040490643,0.00478446,0.052134559,-0.035616366,-0.037872437,-0.006493493,0.224930713,0.123483198,-0.012534168,0.08078688,0.020482563,,
478,0.031539039,0.002676493,0.040507456,0.005037792,0.052950383,-0.035500234,-0.037641774,-0.00629624,0.226267987,0.123925343,-0.012256777,0.081332538,0.021281624,,
479,0.031468636,0.002724575,0.040513598,0.005267558,0.05370847,-0.035398809,-0.037444536,-0.006136735,0.227601872,0.124413379,-0.011971842,0.081903629,0.022246455,,
480,0.031389308,0.002783109,0.040509994,0.005471617,0.054406769,-0.03531522,-0.037269609,-0.006013012,0.228930256,0.124942258,-0.011689956,0.082489238,0.023336619,,
481,0.031299416,0.002850967,0.040498394,0.005649483,0.05503775,-0.03525415,-0.037104012,-0.005928749,0.230242861,0.12550237,-0.011422967,0.083073048,0.024507774,,
482,0.031199439,0.002926144,0.040480383,0.00580067,0.055588542,-0.035216153,-0.036928758,-0.005890642,0.231529261,0.126089697,-0.011178249,0.08363497,0.025721627,,
483,0.031089926,0.003007112,0.040456092,0.005923809,0.056047263,-0.035199,-0.036758017,-0.005902881,0.232787105,0.126709825,-0.010956434,0.084158722,0.026945134,,
484,0.030971149,0.003092291,0.040425219,0.006019407,0.056394484,-0.035196176,-0.03661136,-0.005965685,0.234009505,0.127372077,-0.01075687,0.084633974,0.028144403,,
485,0.030843767,0.003179754,0.040388934,0.006098742,0.056607287,-0.035188898,-0.036509174,-0.00607698,0.235187606,0.128084431,-0.010574043,0.08505959,0.029294513,,
486,0.030707864,0.003266174,0.040347765,0.006175032,0.056663777,-0.035160095,-0.036461178,-0.006230584,0.236318825,0.128850698,-0.010401616,0.085439613,0.030370273,,
487,0.03056397,0.00334915,0.040301945,0.006262013,0.05659104,-0.03509502,-0.036471343,-0.006422985,0.237397671,0.12966573,-0.010234604,0.085775904,0.031340051,,
488,0.030413221,0.003428563,0.040253384,0.006369566,0.056417874,-0.035021234,-0.036538375,-0.006654866,0.238413245,0.130518947,-0.010076307,0.086065841,0.032165164,,
489,0.030256397,0.00350473,0.040204193,0.006496529,0.056163923,-0.034963164,-0.036660497,-0.006931347,0.239354975,0.131396691,-0.009935268,0.08630721,0.032800629,,
490,0.030092972,0.003578143,0.040154681,0.006630758,0.055836577,-0.034940933,-0.036837247,-0.00726481,0.240208933,0.132278883,-0.009818473,0.086498888,0.033196404,,
491,0.029922519,0.003651335,0.04010557,0.006767596,0.055444887,-0.034959842,-0.037062628,-0.007651664,0.240963978,0.133144097,-0.009724414,0.086640727,0.033372132,,
492,0.029745356,0.003726637,0.040057809,0.006905729,0.055003343,-0.035014807,-0.037325441,-0.008081687,0.241615032,0.133971328,-0.009650464,0.086738271,0.033353216,,
493,0.029562879,0.003805371,0.040011286,0.007042074,0.054527602,-0.035099898,-0.037616759,-0.008542639,0.242168765,0.13473997,-0.009587317,0.086803773,0.033166993,,
494,0.029376013,0.003886834,0.039963507,0.007177192,0.05403098,-0.035206226,-0.037924593,-0.009025218,0.242636193,0.135436264,-0.009527194,0.08684365,0.032840127,,
495,0.029183506,0.003968484,0.039910198,0.007311138,0.053527927,-0.035326924,-0.03824281,-0.00952456,0.243026368,0.136050103,-0.009468063,0.086855259,0.032392637,,
496,0.02898378,0.004047009,0.039846931,0.007444934,0.05304134,-0.035460452,-0.038567755,-0.010030342,0.243348675,0.136575692,-0.009407211,0.086832514,0.031842363,,
497,0.028776006,0.004119999,0.039772402,0.007577954,0.052588532,-0.035610842,-0.038894267,-0.010532115,0.243619477,0.137014364,-0.009337542,0.086767775,0.031210499,,
498,0.028560804,0.004186068,0.039686227,0.007713644,0.052187312,-0.035787187,-0.039217153,-0.011013692,0.243850618,0.13736591,-0.009259254,0.086651455,0.030514673,,
499,0.028341493,0.004245847,0.039589145,0.00786345,0.051858718,-0.035990166,-0.039523925,-0.011453216,0.244055782,0.137627767,-0.009168895,0.086478367,0.02977193,,
500,0.028123481,0.004300643,0.039484269,0.008040057,0.051616014,-0.036212928,-0.039796461,-0.011823704,0.244248083,0.137800486,-0.009064364,0.08624985,0.028995502,,
501,0.027911295,0.004348977,0.039374027,0.00825597,0.051466476,-0.036445806,-0.040015372,-0.012087288,0.24444221,0.137894768,-0.008942902,0.085968921,0.028196589,,
502,0.027708969,0.004388048,0.039260477,0.008519648,0.051407723,-0.036673093,-0.040162903,-0.012199877,0.244655756,0.137922996,-0.008800966,0.085644589,0.027388835,,
503,0.027518848,0.004416765,0.039146711,0.008832522,0.051432207,-0.036886811,-0.040230228,-0.012113862,0.244914081,0.137908885,-0.008633261,0.085299048,0.026597263,,
504,0.02734131,0.00443411,0.039035306,0.009196018,0.051525153,-0.037079602,-0.040212894,-0.011777009,0.245251121,0.137880023,-0.008430201,0.084968611,0.025852559,,
505,0.027178048,0.004439035,0.038927788,0.009608211,0.051665717,-0.03725421,-0.040116068,-0.011153026,0.245694002,0.137859685,-0.008183882,0.0846911,0.025179674,,
506,0.027030941,0.00443187,0.038826331,0.010065191,0.051847936,-0.03741431,-0.039947601,-0.010281287,0.246245178,0.13785051,-0.007903391,0.084483363,0.024585587,,
507,0.026899895,0.004412841,0.0387324,0.010560739,0.052067364,-0.037553588,-0.039720421,-0.009201431,0.246902764,0.137851926,-0.007596061,0.084354099,0.024071335,,
508,0.026785511,0.004383,0.038647414,0.011084609,0.052311823,-0.037665364,-0.039454307,-0.007959471,0.247661022,0.137863564,-0.007270352,0.084303883,0.023631628,,
509,0.026687051,0.004342357,0.038572177,0.011617402,0.052566775,-0.037746495,-0.039175013,-0.006605494,0.248512282,0.137880581,-0.006934414,0.084336287,0.023260765,,
510,0.026603012,0.004292325,0.038507748,0.012134744,0.052821441,-0.0377965,-0.038906847,-0.005183184,0.249436605,0.137891839,-0.006601167,0.084459575,0.022952971,,
511,0.026532916,0.004236535,0.03845548,0.012603189,0.053064374,-0.037821617,-0.038670451,-0.003731974,0.250408638,0.137879963,-0.006297299,0.084668395,0.022690852,,
512,0.02647441,0.004177103,0.038416242,0.01298205,0.053281467,-0.037827872,-0.038478287,-0.002287482,0.251405454,0.137831993,-0.006047421,0.084943281,0.022453877,,
513,0.026423064,0.004113351,0.038389237,0.013244177,0.053462893,-0.037818313,-0.038333493,-0.000883272,0.252410348,0.137741302,-0.005874956,0.08526341,0.022227026,,
514,0.026374708,0.004044774,0.038372031,0.013367147,0.05358481,-0.037801222,-0.038243962,0.000435672,0.253411368,0.137613936,-0.005790699,0.085610904,0.022005558,,
515,0.026325195,0.003970577,0.038361375,0.013332753,0.053616035,-0.037788519,-0.038213892,0.001618743,0.254407913,0.137464737,-0.005799736,0.085967756,0.021791429,,
516,0.026269019,0.003889527,0.038353105,0.013137581,0.053518714,-0.037789789,-0.038242452,0.00261698,0.255407995,0.137311047,-0.005895045,0.086323105,0.021596401,,
517,0.026202224,0.003802132,0.038343607,0.012778546,0.053290722,-0.03780638,-0.038327551,0.003382434,0.256416873,0.137166554,-0.006065204,0.08666992,0.021433906,,
518,0.026120733,0.003710132,0.03833074,0.012269409,0.052935403,-0.037841856,-0.038471086,0.003873514,0.257437594,0.13704691,-0.006298605,0.087003753,0.021310254,,
519,0.026020045,0.003615168,0.038311841,0.011629265,0.052459988,-0.037898078,-0.038668498,0.004060975,0.2584643,0.136971677,-0.006580849,0.087324733,0.021225272,,
520,0.025896071,0.003517697,0.038284414,0.010880985,0.05187716,-0.037971588,-0.038911431,0.00399616,0.259491624,0.136958013,-0.00690009,0.087638778,0.021181685,,
521,0.025746211,0.003419138,0.038249819,0.010049144,0.051204133,-0.038061888,-0.039186362,0.003730397,0.260522509,0.137022197,-0.007236681,0.087950168,0.021183831,,
522,0.025568166,0.003319536,0.038208648,0.009158564,0.050461486,-0.038164768,-0.039473329,0.003314689,0.261552026,0.137165114,-0.007582052,0.088252018,0.021227545,,
523,0.025361678,0.003219844,0.03816198,0.008223356,0.049661763,-0.038283925,-0.039757774,0.002787727,0.262573375,0.13738809,-0.00792759,0.088533357,0.021305703,,
524,0.025128376,0.003121094,0.038111398,0.007258847,0.048820349,-0.038416433,-0.040027917,0.002185675,0.263576319,0.137686079,-0.008265477,0.088790335,0.021408517,,
525,0.024871257,0.003025785,0.038059794,0.006277489,0.04795104,-0.038558425,-0.04028143,0.001539686,0.264556741,0.138045039,-0.008595585,0.089021362,0.02152864,,
526,0.024595251,0.002937341,0.038010755,0.005288337,0.047071084,-0.038709268,-0.040518337,0.000872608,0.265515058,0.138445898,-0.008921523,0.08922098,0.021660127,,
527,0.02430631,0.002859658,0.037966439,0.004306789,0.046205192,-0.038857034,-0.040723401,0.000210255,0.266448721,0.138866644,-0.009249689,0.089380729,0.021790543,,
528,0.024008354,0.002794633,0.037926746,0.003349724,0.045367762,-0.038992987,-0.040886826,-0.000428886,0.267355167,0.139293214,-0.009584448,0.089497701,0.021905928,,
529,0.023705504,0.002744255,0.037892324,0.002431683,0.044571956,-0.039113212,-0.041002875,-0.001032786,0.268238098,0.139718634,-0.009915413,0.08957548,0.02199759,,
530,0.023404024,0.002710486,0.037865367,0.001570325,0.043832755,-0.03921817,-0.041071893,-0.001590908,0.269105685,0.140137428,-0.010226606,0.089621239,0.022059318,,
531,0.023110493,0.002695239,0.037849011,0.000791426,0.043164477,-0.039306955,-0.041096773,-0.002092155,0.269961968,0.140542242,-0.010506404,0.089643309,0.022087536,,
532,0.022830266,0.002700146,0.037845203,0.000113268,0.042568223,-0.03937723,-0.041089366,-0.002536721,0.270805177,0.140918278,-0.010749638,0.089650596,0.022080958,,
533,0.0225696,0.002727177,0.037854721,-0.000448821,0.042041373,-0.039424828,-0.041063869,-0.002933173,0.271631188,0.141246058,-0.010952231,0.089654732,0.022040957,,
534,0.022336078,0.002778061,0.037877923,-0.000893334,0.04158168,-0.039446814,-0.041024585,-0.003284911,0.272440276,0.141508428,-0.011107168,0.089661621,0.021971402,,
535,0.022138161,0.002855498,0.037916836,-0.001217575,0.041186745,-0.039440256,-0.040975245,-0.003589106,0.273229722,0.141689896,-0.011212235,0.089668473,0.021872129,,
536,0.021983574,0.002962125,0.037972113,-0.001415702,0.040860645,-0.039400321,-0.040917542,-0.003838215,0.273991134,0.141773466,-0.011268923,0.089662283,0.021741932,,
537,0.02187847,0.003100393,0.038042656,-0.001486058,0.0406065,-0.039327405,-0.040855144,-0.004029923,0.274713084,0.141752319,-0.011282866,0.089632338,0.021578206,,
538,0.02182787,0.003271767,0.038126395,-0.001433613,0.040427306,-0.039218489,-0.040785688,-0.004164592,0.275389445,0.141626567,-0.011251756,0.089583423,0.021385687,,
539,0.02183756,0.003477587,0.038222226,-0.001273115,0.040322516,-0.039074298,-0.040708616,-0.004245115,0.276017543,0.14140765,-0.01116857,0.089530185,0.021174256,,
540,0.021913632,0.003718061,0.038328596,-0.001025215,0.040286087,-0.038896728,-0.040629123,-0.004280738,0.276600458,0.141116709,-0.011033958,0.089488886,0.020952626,,
541,0.02206408,0.003994319,0.038444452,-0.000713405,0.040299528,-0.03869257,-0.040557916,-0.004288574,0.277145597,0.140777605,-0.010852721,0.089466806,0.020727244,,
542,0.022297278,0.004307654,0.038568973,-0.000364414,0.040340435,-0.038477135,-0.040508874,-0.004287076,0.277654896,0.140411598,-0.010637529,0.089466463,0.020501073,,
543,0.022604681,0.004658518,0.038700932,-0.000003245,0.040383365,-0.038267532,-0.040493141,-0.004298107,0.278122009,0.140035652,-0.01040855,0.089493263,0.020279828,,
544,0.02297761,0.005045581,0.038837979,0.000347432,0.040406618,-0.038078131,-0.040518475,-0.004339483,0.27854085,0.139662551,-0.010184665,0.089543499,0.0200656,,
545,0.023406756,0.005466257,0.038977436,0.000661384,0.040391875,-0.037921855,-0.040592591,-0.004424057,0.278906109,0.139305126,-0.009977194,0.089607743,0.019853982,,
546,0.023883298,0.005918501,0.039118265,0.000916321,0.040331171,-0.037806824,-0.040723544,-0.004554114,0.279218854,0.138972938,-0.009793643,0.089676061,0.019644015,,
547,0.024400944,0.006400634,0.039261237,0.001098142,0.040222772,-0.037733012,-0.040917846,-0.004725004,0.279488733,0.138675342,-0.009634538,0.089742503,0.019438349,,
548,0.024955532,0.006911209,0.039408261,0.001199371,0.040067565,-0.037691288,-0.041174915,-0.004925837,0.279728892,0.138420983,-0.009490799,0.089809662,0.019243466,,
549,0.025542477,0.007447847,0.039561216,0.001222812,0.039871055,-0.037669714,-0.041488747,-0.005141368,0.279956149,0.138216182,-0.009352422,0.089883591,0.019071128,,
550,0.02615732,0.008007739,0.039721272,0.001175616,0.039638312,-0.03766553,-0.041853025,-0.005364429,0.28018525,0.138063479,-0.009215474,0.089969311,0.018936188,,
551,0.026796257,0.008586533,0.039888081,0.001072717,0.039371212,-0.037681671,-0.042258005,-0.005589667,0.280422574,0.137959625,-0.009080146,0.090066319,0.018849179,,
552,0.027454885,0.009177877,0.040059746,0.000936555,0.039080483,-0.037720264,-0.042678677,-0.005807447,0.280669933,0.137903502,-0.008941953,0.090175905,0.018820118,,
553,0.02812757,0.009774246,0.04023221,0.000794871,0.038779645,-0.037772953,-0.043085645,-0.006004931,0.280930025,0.137890782,-0.008799281,0.090304026,0.018856152,,
554,0.028808175,0.010368937,0.040400724,0.000676074,0.038486144,-0.037826542,-0.043454889,-0.006169381,0.281195344,0.137910147,-0.008660339,0.090450973,0.018959314,,
555,0.029490319,0.010955588,0.04056132,0.000603631,0.038219173,-0.037866438,-0.043768508,-0.006287358,0.28145963,0.137947935,-0.008537938,0.090613443,0.019128088,,
556,0.030168073,0.011526701,0.040710538,0.000586514,0.03799062,-0.037883888,-0.04401098,-0.006349303,0.281715923,0.137984616,-0.008451624,0.090781072,0.019349822,,
557,0.030835734,0.012073693,0.040846358,0.00062487,0.03780734,-0.037880259,-0.044173402,-0.006354089,0.28196288,0.138012001,-0.008409053,0.09094901,0.019615889,,
558,0.03148711,0.012587968,0.040967066,0.0007199,0.037676145,-0.037860975,-0.044253658,-0.006309637,0.282199661,0.13803117,-0.008406436,0.091119731,0.019924629,,
559,0.032116155,0.01306192,0.041070405,0.000871079,0.037601447,-0.037826099,-0.044253162,-0.00622245,0.282418871,0.138040595,-0.00844044,0.091296658,0.020273571,,
560,0.032718815,0.013489325,0.041154864,0.001080666,0.037586705,-0.037772487,-0.044175664,-0.006096165,0.282611329,0.138041975,-0.008511355,0.091477237,0.020655791,,
561,0.033291815,0.013865275,0.041219036,0.001351863,0.03763114,-0.037699952,-0.044028086,-0.005936051,0.282766962,0.138037819,-0.008622076,0.091653202,0.021061848,,
562,0.03383296,0.014185375,0.041262009,0.001690343,0.037731226,-0.037611966,-0.043816016,-0.005749968,0.282882183,0.138020517,-0.008775147,0.091813234,0.021473004,,
563,0.034341506,0.014444637,0.041283263,0.002094816,0.037884249,-0.037516536,-0.043550234,-0.00554628,0.282961639,0.137983392,-0.008966463,0.091953591,0.02187469,,
564,0.034816944,0.014637526,0.04128265,0.002559831,0.038085738,-0.037418841,-0.04324509,-0.005334799,0.283014141,0.13792546,-0.00918401,0.092076779,0.022256327,,
565,0.035258694,0.014759217,0.041259234,0.003072985,0.038326735,-0.037328622,-0.04291808,-0.005130128,0.28304868,0.13785415,-0.009406552,0.092189702,0.022613986,,
566,0.035665113,0.01480326,0.041211403,0.003616154,0.038597335,-0.037258115,-0.042587698,-0.004948088,0.283076958,0.137776699,-0.009610645,0.09229629,0.02295096,,
567,0.036036005,0.014764199,0.041138997,0.004168334,0.038888623,-0.037215171,-0.042273762,-0.004802888,0.283107418,0.137702453,-0.009779526,0.09240078,0.02327049,,
568,0.036372029,0.014646533,0.041042011,0.004709369,0.03919122,-0.037203486,-0.041995259,-0.00470419,0.283148322,0.137642366,-0.009903745,0.09250783,0.023573132,,
569,0.036673326,0.014453388,0.040919706,0.005217879,0.03949453,-0.037221628,-0.041765147,-0.00465451,0.283207227,0.137608097,-0.009973789,0.092624204,0.023864281,,
570,0.036938349,0.014188295,0.040771797,0.005676785,0.039784433,-0.037271436,-0.041594215,-0.004654064,0.283283217,0.137607259,-0.009988978,0.092746167,0.024144762,,
571,0.037165038,0.013854462,0.040598198,0.006069815,0.040047535,-0.037352213,-0.041487382,-0.00470139,0.283375844,0.13763975,-0.009952712,0.092864467,0.024411942,,
572,0.037352048,0.013455274,0.0403991,0.006384825,0.040287279,-0.037462352,-0.04143988,-0.004789492,0.283479976,0.137701584,-0.00986914,0.092962595,0.024657305,,
573,0.037498889,0.012997041,0.040175971,0.006615222,0.04050863,-0.037596842,-0.041444312,-0.004908756,0.283591744,0.137782807,-0.009746766,0.093020536,0.02486716,,
574,0.037605488,0.012487984,0.039929376,0.006758131,0.040716851,-0.037756997,-0.04149322,-0.005051841,0.283712649,0.137868844,-0.009600971,0.093023325,0.02502632,,
575,0.037672021,0.011937365,0.039658781,0.006813293,0.040917097,-0.037943381,-0.041581569,-0.005213853,0.283847292,0.137952956,-0.009444004,0.092961799,0.025121383,,
576,0.037697826,0.01135407,0.03936249,0.006784588,0.04111235,-0.038153208,-0.041706072,-0.005391591,0.283996264,0.138030169,-0.009289636,0.092833804,0.025140047,,
577,0.037682151,0.010746138,0.039039144,0.006670168,0.04129606,-0.038384413,-0.041859977,-0.005583929,0.284162039,0.138098892,-0.00915248,0.092646645,0.025079692,,
578,0.037626574,0.010120623,0.038688225,0.006466835,0.041458679,-0.03864121,-0.042043692,-0.005794449,0.284348966,0.138158387,-0.009043598,0.092412548,0.024940436,,
579,0.037534985,0.009485815,0.038311529,0.006173957,0.04159851,-0.038925593,-0.042257153,-0.006023219,0.284557971,0.138204836,-0.008979996,0.092144951,0.02471499,,
580,0.037411714,0.008850701,0.0379125,0.005797081,0.041714063,-0.039230518,-0.042497705,-0.006263991,0.284785535,0.138236101,-0.008984173,0.091857399,0.024391823,,
581,0.037260866,0.008223784,0.037494436,0.00534314,0.041795648,-0.039548805,-0.042762631,-0.006509764,0.285030785,0.138268145,-0.009070172,0.091568422,0.023970759,,
582,0.037085287,0.007611597,0.037060162,0.004822314,0.041835275,-0.0398714,-0.043048624,-0.006746266,0.285293165,0.138326502,-0.009245955,0.091303793,0.023457734,,
583,0.036889332,0.007019934,0.036613481,0.00424411,0.041830182,-0.040187267,-0.043347207,-0.00695872,0.285578485,0.138442362,-0.009506973,0.091094388,0.022859257,,
584,0.036678234,0.006455066,0.036157097,0.003617116,0.041779678,-0.040486041,-0.04364514,-0.00713699,0.28588742,0.138643548,-0.009848574,0.09097199,0.022176956,,
585,0.036455342,0.005922366,0.03569246,0.002951297,0.041682614,-0.040763582,-0.043932901,-0.007278914,0.28621981,0.138953404,-0.010261219,0.090909591,0.021404765,,
586,0.036222068,0.005426139,0.035220897,0.002249981,0.041541232,-0.041019721,-0.044206873,-0.007388123,0.286569238,0.139327974,-0.010739754,0.09087691,0.020529928,,
587,0.035979408,0.004970718,0.034743306,0.001507946,0.041355067,-0.041259275,-0.044473462,-0.007473359,0.286925844,0.139725174,-0.011285859,0.090848697,0.019541795,,
588,0.035728294,0.004560748,0.034260732,0.000726828,0.041130189,-0.04148042,-0.044737332,-0.00754208,0.287282461,0.140115174,-0.011893881,0.090804284,0.018434925,,
589,0.035469073,0.004202795,0.03377458,-0.000095972,0.040875371,-0.041681382,-0.045000881,-0.007603193,0.287630184,0.140476228,-0.012554333,0.090723471,0.017207561,,
590,0.03520048,0.003902493,0.033286086,-0.000967758,0.040601179,-0.041860898,-0.045268305,-0.007662782,0.287957918,0.140791006,-0.013256781,0.090593868,0.015857433,,
591,0.034921514,0.003664931,0.03279547,-0.001902657,0.040314392,-0.042026296,-0.045544642,-0.007724765,0.288253579,0.141046639,-0.013991751,0.090407535,0.014383555,,
592,0.034632054,0.003495011,0.032301156,-0.002911257,0.040020545,-0.042184402,-0.045827427,-0.007788432,0.288514041,0.141241165,-0.014746775,0.090162296,0.012787233,,
593,0.034331147,0.003387486,0.031800198,-0.003994974,0.039723957,-0.042335904,-0.046111931,-0.007850522,0.288738586,0.141378216,-0.015500633,0.08987005,0.011067903,,
594,0.034017541,0.003337601,0.031287662,-0.005153926,0.039431502,-0.042473225,-0.046393107,-0.007896068,0.288926039,0.141460481,-0.016240283,0.089540289,0.009220174,,
595,0.033692826,0.003341467,0.030759743,-0.006387755,0.039150578,-0.042581227,-0.046662611,-0.007912109,0.289072724,0.14148663,-0.016967072,0.089177967,0.007238676,,
596,0.033359434,0.003394831,0.030214622,-0.007689637,0.038882475,-0.042647179,-0.046913188,-0.007895253,0.289177148,0.141461363,-0.017683118,0.088789562,0.005124121,,
597,0.033019581,0.003492403,0.02965022,-0.009047045,0.038621738,-0.042667338,-0.047143522,-0.007851765,0.28924266,0.1413983,-0.018384406,0.088389981,0.002891147,,
598,0.03267588,0.003627869,0.029064426,-0.010450527,0.038364622,-0.042643037,-0.047356817,-0.007792449,0.289272087,0.141309413,-0.019063927,0.087993881,0.000552439,,
599,0.032330936,0.003794436,0.028455918,-0.011891125,0.038114576,-0.042575414,-0.047560623,-0.007722042,0.289270152,0.141203494,-0.019719623,0.087613769,-0.001877288,,
600,0.03198656,0.003985027,0.027824457,-0.013366229,0.037881425,-0.042461644,-0.047758378,-0.007648723,0.28924637,0.141084574,-0.020359194,0.087258764,-0.004382794,,
601,0.031644993,0.004195259,0.027171564,-0.014877056,0.037677263,-0.042296833,-0.047948544,-0.007579431,0.289208276,0.140951595,-0.020980905,0.086938823,-0.006950489,,
602,0.031308487,0.004422696,0.026501644,-0.016436339,0.037506079,-0.042082851,-0.04813146,-0.007525329,0.289165064,0.140803281,-0.021572625,0.086671234,-0.009567351,,
603,0.030980732,0.004665066,0.025820261,-0.018062476,0.037368561,-0.041828926,-0.048308807,-0.007500281,0.289118452,0.140636554,-0.0221261,0.086461185,-0.012223149,,
604,0.030665648,0.00492005,0.0251335,-0.019773028,0.037267062,-0.041545045,-0.048476536,-0.00750591,0.28907214,0.140451577,-0.022642686,0.086306135,-0.01490861,,
605,0.030367204,0.005185159,0.024446686,-0.021576675,0.037202137,-0.041241565,-0.048636552,-0.007535773,0.289028865,0.140245739,-0.023127798,0.086204382,-0.017609281,,
606,0.030088774,0.005459289,0.023764026,-0.023476428,0.037168106,-0.040927904,-0.048790655,-0.007581254,0.288986449,0.140009464,-0.023587565,0.086152361,-0.020310173,,
607,0.029833705,0.00574355,0.023090371,-0.025470064,0.037161497,-0.040617088,-0.048937005,-0.007638534,0.288953614,0.139737652,-0.024027003,0.086148921,-0.022994389,,
608,0.029605727,0.006038367,0.022430913,-0.027553577,0.037180765,-0.040322192,-0.049069923,-0.007708431,0.288939225,0.139426889,-0.024454319,0.086190423,-0.025650167,,
609,0.029407815,0.006342738,0.02178862,-0.029725324,0.037222856,-0.04005143,-0.049188033,-0.007794229,0.288946179,0.139076841,-0.02487485,0.086272172,-0.028265152,,
610,0.02924233,0.006655318,0.021165554,-0.031984368,0.03728444,-0.039807877,-0.049294599,-0.007906291,0.288968666,0.138686034,-0.025295683,0.086384658,-0.030831629,,
611,0.029106988,0.006974056,0.020560927,-0.034328124,0.037358979,-0.039598537,-0.049394349,-0.008050432,0.288990066,0.138245633,-0.025737749,0.086501381,-0.033352761,,
612,0.028997213,0.007295906,0.019973055,-0.036758149,0.037434944,-0.039431585,-0.049485489,-0.008231467,0.289006128,0.137759831,-0.026213926,0.086603473,-0.03582867,,
613,0.028907021,0.00761704,0.019399434,-0.039269505,0.037508838,-0.039308803,-0.049560504,-0.008445943,0.289014531,0.13723736,-0.026732774,0.086685272,-0.038261298,,
614,0.028830426,0.007933513,0.018837782,-0.041849452,0.037581738,-0.039219796,-0.049608314,-0.008680581,0.289008799,0.136678881,-0.027307307,0.086744963,-0.040655634,,
615,0.028762562,0.008244036,0.018287462,-0.044480938,0.037652017,-0.039153966,-0.049622539,-0.008920858,0.288981578,0.136085252,-0.027942043,0.086783614,-0.043013787,,
616,0.028700521,0.008548909,0.017748473,-0.047140004,0.037719051,-0.039108785,-0.049601846,-0.009154715,0.288924432,0.135463119,-0.028638902,0.086798508,-0.045334944,,
617,0.028640199,0.008847179,0.017218243,-0.049792643,0.037783792,-0.039083353,-0.049545986,-0.009370384,0.288832396,0.134822753,-0.029403927,0.086792693,-0.047612503,,
618,0.028576196,0.009136929,0.016694896,-0.052395433,0.03784818,-0.039068611,-0.049459245,-0.009555296,0.288712078,0.134170731,-0.030234062,0.086770185,-0.0498422,,
619,0.028503954,0.009416712,0.016179212,-0.054900736,0.037918577,-0.039056751,-0.049347013,-0.009700974,0.288576937,0.133511021,-0.031112171,0.086735045,-0.052021244,,
620,0.028420254,0.00968515,0.015673501,-0.057270361,0.037997577,-0.039049658,-0.049216691,-0.009809573,0.288437583,0.132843641,-0.032021825,0.086687082,-0.054150673,,
621,0.028322302,0.009939458,0.015180678,-0.059478357,0.038081878,-0.039058502,-0.049079616,-0.009889971,0.28830821,0.132174728,-0.032934542,0.086631211,-0.056222574,,
622,0.028206327,0.010175726,0.014703671,-0.061510561,0.038161786,-0.039100551,-0.04895221,-0.009949804,0.288208493,0.131514554,-0.033811322,0.086577073,-0.058226098,,
623,0.028066887,0.010389126,0.014244459,-0.063366431,0.038221935,-0.039198878,-0.048850444,-0.009999207,0.28815553,0.130872047,-0.034616796,0.086528388,-0.060156458,,
624,0.027898994,0.010576168,0.013805634,-0.065042591,0.038247883,-0.039366997,-0.048783442,-0.010047232,0.288161291,0.130264395,-0.035315246,0.086485698,-0.062005946,,
625,0.027699093,0.010735248,0.013389481,-0.066528825,0.038232687,-0.039604775,-0.048765688,-0.010105739,0.28823717,0.12971065,-0.035865353,0.086451616,-0.063762782,,
626,0.027464385,0.010866832,0.012997681,-0.06781198,0.038178557,-0.039896062,-0.048810203,-0.010181032,0.288396546,0.129233043,-0.036224316,0.086429701,-0.065414046,,
627,0.027193798,0.010971337,0.01263013,-0.068884376,0.038088904,-0.040221777,-0.04892475,-0.010275974,0.288652053,0.12886469,-0.036349114,0.086423843,-0.066944824,,
628,0.026887073,0.011048853,0.012286318,-0.069751351,0.037961183,-0.040573167,-0.049113161,-0.010392806,0.289010489,0.128644655,-0.036195455,0.086442652,-0.068347339,,
629,0.026543062,0.011098629,0.011965118,-0.0704211,0.037797322,-0.040938175,-0.049372918,-0.010528496,0.289475957,0.128616456,-0.035713238,0.086495589,-0.069617917,,
630,0.026162691,0.01112012,0.011665365,-0.070903812,0.037606779,-0.041311052,-0.04968609,-0.010668029,0.290046653,0.128745679,-0.034953811,0.08658937,-0.070758886,,
631,0.02575106,0.011115167,0.011386238,-0.071210903,0.037398039,-0.041693774,-0.05002747,-0.01079564,0.290716665,0.129005228,-0.033972229,0.086727334,-0.071774138,,
632,0.025313999,0.011086868,0.01112671,-0.071353743,0.037169148,-0.042089592,-0.050379528,-0.010902126,0.291477663,0.129373798,-0.032818728,0.086912761,-0.072660856,,
633,0.024857718,0.011039736,0.010885572,-0.071350773,0.03691792,-0.042503804,-0.050727236,-0.010983824,0.29231951,0.129834991,-0.031537801,0.087152921,-0.073412969,,
634,0.024387281,0.010978239,0.010660345,-0.071220026,0.036647297,-0.042934434,-0.051057535,-0.011038916,0.2932211,0.13037256,-0.030180685,0.087444453,-0.074029984,,
635,0.023906223,0.010905167,0.010446703,-0.070979689,0.036366313,-0.043367427,-0.051360593,-0.011060446,0.294159612,0.13096971,-0.028801054,0.087771889,-0.074520212,,
636,0.023417626,0.010822478,0.010239831,-0.070657695,0.036083011,-0.043790875,-0.051636173,-0.011042267,0.295108333,0.131610511,-0.02744472,0.088114314,-0.074904649,,
637,0.022923664,0.010731539,0.010033921,-0.070279898,0.035804319,-0.044189829,-0.051883725,-0.010977053,0.296034942,0.132275924,-0.026163468,0.088451431,-0.075207707,,
638,0.022426961,0.010632037,0.009822913,-0.06987397,0.035536184,-0.044554496,-0.052105488,-0.010859215,0.296906098,0.132950978,-0.025008131,0.088771507,-0.075451743,,
639,0.021930842,0.010523569,0.009600915,-0.069468622,0.035288765,-0.044877493,-0.052306333,-0.010687429,0.297686066,0.133618483,-0.024024914,0.089060933,-0.075661073,,
640,0.021439176,0.010406955,0.009363977,-0.069099362,0.035061276,-0.045159797,-0.052493904,-0.010470841,0.298345665,0.134260992,-0.023257,0.08930465,-0.075861001,,
641,0.020955691,0.010281983,0.009108451,-0.068794462,0.034855641,-0.045392601,-0.052667541,-0.010217665,0.298853305,0.134860423,-0.022741211,0.089494336,-0.076076972,,
642,0.020483504,0.010149042,0.008829533,-0.068577132,0.034676738,-0.045569929,-0.052820197,-0.009935368,0.299174849,0.135397786,-0.022457167,0.089626114,-0.07633947,,
643,0.020026671,0.010010358,0.008524039,-0.068480034,0.034529602,-0.045698943,-0.052945905,-0.009634493,0.299276603,0.135855343,-0.022385988,0.089698782,-0.076677417,,
644,0.019592797,0.009869322,0.008191111,-0.068539047,0.034412148,-0.045795702,-0.053047614,-0.009331578,0.299191111,0.136231557,-0.022500721,0.089716518,-0.077106285,,
645,0.019191111,0.009728903,0.007830788,-0.06878141,0.034323863,-0.045873379,-0.053135484,-0.009042777,0.29895584,0.136534768,-0.022773762,0.089692943,-0.077631267,,
646,0.018832445,0.009593945,0.007445664,-0.069225544,0.034261659,-0.045940836,-0.053224242,-0.00877956,0.298599173,0.13676913,-0.023185877,0.089639542,-0.078263402,,
647,0.018525177,0.009468634,0.007037084,-0.06989096,0.034214035,-0.046003119,-0.053328546,-0.008552972,0.298146937,0.136943449,-0.023724093,0.08955965,-0.079022808,,
648,0.018274822,0.009357037,0.006606165,-0.070790667,0.034169405,-0.046069495,-0.053463009,-0.008373552,0.297633189,0.137078328,-0.024375059,0.089459135,-0.079922401,,
649,0.018086927,0.009263153,0.00615429,-0.071932584,0.034116678,-0.046151927,-0.053644344,-0.008253751,0.297085429,0.137195817,-0.025120128,0.089337242,-0.080964006,,
650,0.017956554,0.009190249,0.005683124,-0.073320036,0.034040161,-0.046263171,-0.053897904,-0.008207787,0.296526649,0.137316007,-0.025945826,0.089197054,-0.082139978,,
651,0.017878816,0.00914229,0.005196789,-0.074945185,0.033930563,-0.046406048,-0.054241439,-0.00824239,0.295972461,0.137454118,-0.026845813,0.089037198,-0.083440248,,
652,0.017848888,0.009122542,0.004700468,-0.076790026,0.033779166,-0.046582789,-0.054685368,-0.00836032,0.295437111,0.13761727,-0.027801167,0.088852404,-0.084851585,,
653,0.017862842,0.009133425,0.004200441,-0.078822805,0.033579388,-0.046788353,-0.05523683,-0.008559868,0.294936255,0.137815565,-0.028783339,0.088641956,-0.086351809,,
654,0.017919334,0.009179036,0.003705082,-0.081002558,0.033325417,-0.047006375,-0.055896919,-0.008828792,0.294483013,0.138051248,-0.029770361,0.088406003,-0.087922071,,
655,0.018018654,0.009264308,0.003223484,-0.083292118,0.033011161,-0.047222683,-0.05666062,-0.009152475,0.29408484,0.138319264,-0.030748063,0.088144388,-0.089544121,,
656,0.018159431,0.009390847,0.002763372,-0.085650715,0.032640226,-0.047421648,-0.057515095,-0.009508466,0.293742156,0.138610663,-0.031713221,0.087858248,-0.09119174,,
657,0.018338499,0.009558335,0.00232981,-0.088033607,0.032213771,-0.047590847,-0.058443384,-0.009873247,0.293447836,0.138911202,-0.032664689,0.087550105,-0.09283292,,
658,0.018551426,0.009766119,0.001925736,-0.090391919,0.031737755,-0.047718138,-0.059419499,-0.010225017,0.2931896,0.13920611,-0.033598656,0.08722588,-0.094443495,,
659,0.018791913,0.010012004,0.001552915,-0.092678657,0.031220701,-0.047797485,-0.060419095,-0.010540946,0.292948882,0.13947898,-0.034510315,0.086889983,-0.096006364,,
660,0.019053059,0.010290986,0.0012112,-0.094858701,0.030661692,-0.047833234,-0.061412783,-0.010807422,0.292706941,0.139715631,-0.035389166,0.086550744,-0.097501334,,
661,0.019329409,0.010597572,0.000899715,-0.096899077,0.030067718,-0.047828725,-0.062362139,-0.011011229,0.292440444,0.139898489,-0.036225446,0.086212207,-0.098911761,,
662,0.019616218,0.010925425,0.000615801,-0.098770983,0.029451986,-0.04778581,-0.063234946,-0.011139745,0.292114498,0.14000463,-0.037015362,0.085872871,-0.100229664,,
663,0.019910231,0.011267813,0.000356488,-0.100458342,0.028824683,-0.04770803,-0.064015055,-0.01119684,0.291699921,0.140022065,-0.037752237,0.085530374,-0.101452284,,
664,0.020207956,0.011616722,0.000120012,-0.101962232,0.028183394,-0.047607154,-0.064705857,-0.011204596,0.291174374,0.139944215,-0.038421397,0.085185759,-0.102573972,,
665,0.020504796,0.011963624,-9.674E-05,-0.10329108,0.027529507,-0.047496368,-0.065313541,-0.011189908,0.290510713,0.139764044,-0.039008224,0.084844342,-0.103596738,,
666,0.020796381,0.012300282,-0.000300091,-0.104455901,0.02687188,-0.047383409,-0.065838317,-0.011172259,0.289686519,0.139475034,-0.039508068,0.084511977,-0.104535846,,
667,0.021079081,0.012619321,-0.000495505,-0.105476144,0.026215674,-0.047279791,-0.066287937,-0.011165601,0.288683368,0.139073896,-0.039923719,0.084192274,-0.105409159,,
668,0.021349467,0.012913896,-0.000688104,-0.106375482,0.025565131,-0.047198964,-0.06667289,-0.011181746,0.287481034,0.138552871,-0.040261026,0.083889942,-0.106248355,,
669,0.021604171,0.013176528,-0.000884065,-0.10717484,0.024925961,-0.04715556,-0.066994096,-0.011230809,0.286055045,0.137900853,-0.040532307,0.083607748,-0.107080101,,
670,0.021841682,0.013402506,-0.001088932,-0.107886006,0.024297842,-0.047157667,-0.067249693,-0.011326375,0.284373356,0.137101478,-0.04075599,0.083332533,-0.107927846,,
671,0.022061361,0.013590352,-0.001305609,-0.108510835,0.023687003,-0.047203508,-0.067434365,-0.011474336,0.282404028,0.136139299,-0.040949776,0.083037853,-0.108816372,,
672,0.022264614,0.013741112,-0.001533659,-0.109045651,0.023106156,-0.047279064,-0.067538037,-0.011661055,0.280115415,0.135004522,-0.041134168,0.082702922,-0.109756688,,
673,0.022455696,0.0138579,-0.001769926,-0.109494676,0.02255956,-0.047372764,-0.067557069,-0.011863779,0.277484561,0.133697271,-0.041321875,0.08231543,-0.110750484,,
674,0.022639317,0.01394334,-0.002009887,-0.109878061,0.022040095,-0.04747781,-0.067500093,-0.012063189,0.274504739,0.132223262,-0.041515509,0.081870185,-0.111795564,,
675,0.02281886,0.013998449,-0.002249305,-0.110222122,0.021537938,-0.0475801,-0.067377045,-0.012242708,0.27118178,0.130591874,-0.041706301,0.081374363,-0.1128821,,
676,0.02299676,0.014024963,-0.002484646,-0.110550052,0.021045055,-0.047668865,-0.06719626,-0.012390329,0.267538012,0.128824272,-0.041874491,0.080837232,-0.113999729,,
677,0.023175656,0.014026641,-0.002712809,-0.110887636,0.020552813,-0.047740161,-0.066966207,-0.012489043,0.263603903,0.126945398,-0.042001983,0.080268626,-0.115137237,,
678,0.023356294,0.014007304,-0.002930704,-0.11125166,0.020049198,-0.047797305,-0.066699214,-0.012532827,0.259419545,0.124976464,-0.042075371,0.079682108,-0.116280054,,
679,0.023539834,0.013969818,-0.003134899,-0.111645076,0.019521722,-0.047844205,-0.066408703,-0.012522412,0.255028747,0.122930613,-0.042093434,0.079090235,-0.117418643,,
680,0.023728657,0.013917155,-0.003321679,-0.112077017,0.018962463,-0.047893042,-0.06610692,-0.01246755,0.250495905,0.120830153,-0.042053633,0.078503376,-0.118544706,,
681,0.023925203,0.01385143,-0.003486373,-0.112548767,0.018368788,-0.04795221,-0.065798086,-0.012379233,0.245905387,0.11870986,-0.041948394,0.077935894,-0.119647856,,
682,0.024129823,0.013772772,-0.003625254,-0.113048936,0.017744503,-0.048022066,-0.065471628,-0.012268088,0.241343977,0.116604996,-0.041768597,0.077392059,-0.120709269,,
683,0.024341206,0.013676977,-0.003736705,-0.113562781,0.017097223,-0.048103667,-0.065117033,-0.012138717,0.236902855,0.114555226,-0.041509069,0.07687169,-0.121703703,,
684,0.024558707,0.01355836,-0.003819692,-0.114068574,0.016434688,-0.048195064,-0.064725877,-0.011993608,0.232667557,0.112602556,-0.041178614,0.07637763,-0.122607335,,
685,0.024783077,0.013412726,-0.003872385,-0.114541559,0.015768301,-0.048297318,-0.064299719,-0.011839345,0.228718739,0.110782184,-0.040791852,0.075912936,-0.123403206,,
686,0.025016229,0.013236841,-0.003893302,-0.114955573,0.015113048,-0.048412287,-0.063842879,-0.011680036,0.225140375,0.10912064,-0.04035404,0.075491457,-0.124070643,,
687,0.025259409,0.013028906,-0.003881924,-0.1152851,0.014482353,-0.048536598,-0.063363464,-0.01152074,0.222009397,0.107634533,-0.039863744,0.075125487,-0.124584869,,
688,0.025512711,0.012787957,-0.003838141,-0.115507646,0.013896553,-0.048667309,-0.062866214,-0.011369641,0.219390859,0.106342528,-0.03931697,0.074828744,-0.124913403,,
689,0.025773853,0.012513817,-0.003761157,-0.115607037,0.013379637,-0.048795854,-0.062357566,-0.011229977,0.217335171,0.105255341,-0.038717155,0.074610687,-0.125027657,,
690,0.026039364,0.012207547,-0.003648685,-0.115571594,0.012944411,-0.048924585,-0.061858343,-0.011110577,0.215882049,0.104373027,-0.038081017,0.074471231,-0.124908274,,
691,0.026304876,0.011871067,-0.003498856,-0.115382674,0.012610905,-0.049051737,-0.06138946,-0.01101897,0.21505463,0.103698672,-0.037438123,0.07440417,-0.124540139,,
692,0.026568151,0.011509236,-0.0033103,-0.115015146,0.01240766,-0.049171613,-0.060962893,-0.010958029,0.214862534,0.103237635,-0.036827333,0.074402199,-0.123914667,,
693,0.026828308,0.011128001,-0.003081494,-0.114443937,0.012367147,-0.049280354,-0.060578985,-0.010927375,0.215300424,0.102995679,-0.036298462,0.074454257,-0.123025261,,
694,0.027084037,0.010734291,-0.002811264,-0.11365253,0.012514131,-0.049380346,-0.060241157,-0.010928518,0.216302769,0.102984457,-0.035905281,0.074544454,-0.121858369,,
695,0.027333532,0.010334334,-0.002499507,-0.112625135,0.012874659,-0.049472213,-0.059940573,-0.010955438,0.217805724,0.103185488,-0.035598804,0.074680257,-0.120390249,,
696,0.027575395,0.009934156,-0.00214652,-0.111350037,0.013416958,-0.049556054,-0.059668607,-0.011005805,0.219750735,0.103580216,-0.035333037,0.074875767,-0.118600967,,
697,0.027807592,0.00953842,-0.001753182,-0.109823249,0.014098637,-0.049629809,-0.05941775,-0.011082908,0.222077112,0.104152676,-0.035065332,0.075144566,-0.116467046,,
698,0.028026027,0.009142993,-0.001319912,-0.108037806,0.014885194,-0.049692837,-0.059181652,-0.01118103,0.224724537,0.104885602,-0.034758488,0.075498065,-0.113963228,,
699,0.028224326,0.008743011,-0.000847843,-0.105985121,0.015757802,-0.049744637,-0.058954895,-0.01128941,0.227643899,0.105761969,-0.034379175,0.075951269,-0.111070342,,
700,0.028394985,0.008334288,-0.000340931,-0.103656904,0.016700784,-0.049782651,-0.058732223,-0.011397538,0.230791694,0.10676447,-0.033902806,0.076518154,-0.107788671,,
701,0.028531005,0.007912173,0.000197069,-0.101051147,0.017692274,-0.0498088,-0.058514854,-0.011500899,0.234130201,0.107879502,-0.033317992,0.077206508,-0.104128935,,
702,0.02863369,0.007471971,0.000762359,-0.098169306,0.018708985,-0.049824669,-0.058302086,-0.011596585,0.237622536,0.109088547,-0.032623047,0.078010425,-0.100110282,,
703,0.028705238,0.007011419,0.001350833,-0.095012994,0.019740947,-0.049819313,-0.058085454,-0.011682292,0.241223146,0.110368154,-0.031828596,0.078912943,-0.09577023,,
704,0.028747314,0.006529164,0.0019587,-0.091598316,0.020774625,-0.0497891,-0.057863406,-0.011761897,0.244885739,0.111698516,-0.030943909,0.079899554,-0.091159637,,
705,0.028762534,0.006024029,0.002581722,-0.08796082,0.021785049,-0.049747405,-0.057636346,-0.011847644,0.248575888,0.113077412,-0.029975705,0.080968932,-0.08631404,,
706,0.028754232,0.005494526,0.003216106,-0.084149978,0.022737073,-0.049715842,-0.057409913,-0.011959338,0.252258589,0.114492429,-0.028936451,0.082113052,-0.081276193,,
707,0.028725831,0.004940843,0.003860129,-0.080214586,0.02359466,-0.049712353,-0.057191775,-0.012117839,0.255900666,0.115925799,-0.027844297,0.083306744,-0.076105445,,
708,0.028681994,0.004367211,0.004514138,-0.076196681,0.024328631,-0.049751612,-0.056984909,-0.012337786,0.259477714,0.117356529,-0.026711156,0.084523977,-0.070857479,,
709,0.02863084,0.003781676,0.005179503,-0.072133605,0.02492548,-0.049844612,-0.056781884,-0.012624039,0.262981679,0.118772502,-0.025526026,0.085758973,-0.065578274,,
710,0.028579418,0.003193631,0.00585625,-0.068060137,0.025380329,-0.050004797,-0.056575955,-0.012982512,0.266410801,0.120169698,-0.024264595,0.087014947,-0.06031119,,
711,0.028532466,0.002612557,0.00654267,-0.064016039,0.025689698,-0.050236026,-0.05636227,-0.01342136,0.269756173,0.12153788,-0.022911924,0.088287123,-0.05509122,,
712,0.028494175,0.002050403,0.007237466,-0.060039587,0.025852686,-0.05053416,-0.056128816,-0.013943018,0.273004475,0.122861841,-0.021462586,0.089568845,-0.049946631,,
713,0.028468191,0.001518304,0.007938502,-0.056162416,0.025870303,-0.050888122,-0.055866568,-0.014544539,0.276138655,0.124121598,-0.019925369,0.090845984,-0.044910916,,
714,0.028457048,0.001024578,0.008643231,-0.052410197,0.025748172,-0.051288634,-0.055575511,-0.015221565,0.279140028,0.125305763,-0.018316952,0.09209936,-0.04001446,,
715,0.028463089,0.000575846,0.009350397,-0.048807165,0.025498112,-0.051725338,-0.055259442,-0.015968257,0.281999327,0.12641461,-0.016664697,0.093310591,-0.035275938,,
716,0.028490537,0.000178526,0.010061035,-0.045375203,0.025132588,-0.052188575,-0.054922741,-0.016771693,0.284709179,0.127455504,-0.01500017,0.09446956,-0.030707786,,
717,0.028540281,-0.000165029,0.010775095,-0.04213487,0.02466094,-0.052672019,-0.054569399,-0.01760948,0.287255321,0.128436975,-0.01335521,0.095570062,-0.02632206,,
718,0.028610989,-0.000456207,0.011491536,-0.039093039,0.024092006,-0.053156862,-0.054202744,-0.018449994,0.289596772,0.129347742,-0.011769582,0.096580014,-0.022139337,,
719,0.028702356,-0.000695375,0.012208032,-0.036234662,0.023447956,-0.053610988,-0.053824167,-0.019242094,0.291678957,0.130168712,-0.010284386,0.097448461,-0.018181295,,
720,0.028811044,-0.000883125,0.012920794,-0.033527502,0.022761416,-0.053994899,-0.053428805,-0.019921302,0.293446782,0.130885092,-0.008940128,0.098115396,-0.014458207,,
721,0.028930244,-0.001020852,0.013624563,-0.03093952,0.022066629,-0.054269345,-0.0530054,-0.020415459,0.294850621,0.131488903,-0.007774968,0.098520984,-0.010968601,,
722,0.029050422,-0.001111858,0.014312835,-0.028453129,0.021377626,-0.054405712,-0.05255918,-0.02065682,0.295834889,0.131976045,-0.006819828,0.098697376,-0.007700228,,
723,0.029160793,-0.001161515,0.01498143,-0.026061053,0.020689358,-0.054404641,-0.052100471,-0.020658838,0.296341755,0.132342984,-0.006094264,0.098666629,-0.004639607,,
724,0.029248606,-0.001171828,0.015627825,-0.023760943,0.019987742,-0.054269676,-0.051639626,-0.020437664,0.296321969,0.132592644,-0.005603389,0.098452743,-0.001767444,,
725,0.029301463,-0.001142962,0.01625143,-0.02154382,0.01926372,-0.05400598,-0.051180386,-0.020015688,0.295811504,0.132714931,-0.005354299,0.098073986,0.000920642,,
726,0.029307548,-0.00107444,0.016853951,-0.019405794,0.018515532,-0.053626568,-0.050716982,-0.01941753,0.294854066,0.132701207,-0.005353771,0.097545178,0.003431492,,
727,0.029255652,-0.000977411,0.017436586,-0.017358429,0.017742234,-0.053153332,-0.050248962,-0.018674632,0.293504702,0.13254346,-0.005602061,0.096871163,0.005772344,,
728,0.02913656,-0.000860576,0.017999337,-0.015415881,0.016937884,-0.052607082,-0.049786548,-0.017814788,0.291832209,0.132243845,-0.006092887,0.096075506,0.007965366,,
729,0.028968007,-0.000726968,0.018543144,-0.013584732,0.016089646,-0.052009335,-0.049341955,-0.01686932,0.289925009,0.131820768,-0.00679127,0.095205304,0.010043022,,
730,0.028767933,-0.00057733,0.01906812,-0.01186135,0.015192069,-0.051379638,-0.048924592,-0.01587383,0.287877102,0.131294952,-0.00764965,0.094304796,0.012030497,,
731,0.028554111,-0.000413168,0.019573442,-0.010242789,0.014265936,-0.050732658,-0.048531311,-0.01485913,0.285780562,0.130678111,-0.008625161,0.09340105,0.013935962,,
732,0.028341988,-0.00023263,0.020059913,-0.008721731,0.013346755,-0.050090078,-0.048151239,-0.01385827,0.283720847,0.129981224,-0.009676883,0.092518015,0.015761463,,
733,0.028144576,-3.0951E-05,0.020528579,-0.007276979,0.012486716,-0.049465989,-0.047775733,-0.012899947,0.281792593,0.12923134,-0.010758778,0.091677498,0.017522975,,
734,0.027971643,0.000195497,0.020979898,-0.005888861,0.011739156,-0.048860245,-0.047403869,-0.012009551,0.280101358,0.128471894,-0.011818779,0.09089755,0.019245558,,
735,0.027832215,0.00045078,0.02141576,-0.004544922,0.011145053,-0.04827157,-0.047046998,-0.011214172,0.278746917,0.127767739,-0.012812077,0.090192832,0.02094636,,
736,0.027733439,0.000739344,0.021839433,-0.003242148,0.010739948,-0.047712412,-0.046724335,-0.010536821,0.277822852,0.127188531,-0.013693484,0.08956367,0.022618915,,
737,0.02767732,0.001060373,0.022251002,-0.001977253,0.010563873,-0.04718615,-0.046450517,-0.009979069,0.277430356,0.126806318,-0.014401403,0.089001701,0.024247532,,
738,0.027662385,0.001409713,0.022648299,-0.000736631,0.010670852,-0.046684145,-0.046232941,-0.00950867,0.277667109,0.126688369,-0.014876983,0.088495765,0.02581347,,
739,0.027687004,0.00178044,0.023029149,0.000495094,0.011132079,-0.046201394,-0.04607144,-0.009082205,0.278409189,0.126897843,-0.015066442,0.088040209,0.027279153,,
740,0.027751235,0.002166474,0.023396411,0.001719305,0.01190422,-0.045750342,-0.045972199,-0.008671824,0.279539459,0.127498958,-0.014910519,0.087621087,0.028616311,,
741,0.027856169,0.002564999,0.023758094,0.002922976,0.012933503,-0.045339125,-0.045933157,-0.008252143,0.280960073,0.128563763,-0.014347709,0.087230205,0.029807797,,
742,0.028005168,0.00297596,0.024123361,0.004086179,0.014167177,-0.044979326,-0.045959423,-0.007798422,0.282578543,0.129998457,-0.013475634,0.086850827,0.030808866,,
743,0.028198707,0.003397292,0.0244985,0.005188757,0.015558745,-0.044672031,-0.046046906,-0.007290262,0.284322602,0.131718299,-0.012380579,0.086471504,0.031554988,,
744,0.028434124,0.003827314,0.024888672,0.006221307,0.017073124,-0.044416561,-0.046190392,-0.006707287,0.28613806,0.13363037,-0.011151463,0.086073886,0.031972779,,
745,0.028707951,0.004267633,0.025299684,0.007188206,0.018666864,-0.04421536,-0.046394462,-0.006042262,0.287992495,0.135636784,-0.009869502,0.08563767,0.031991478,,
746,0.029016553,0.004721141,0.025736061,0.008097356,0.020298728,-0.04406697,-0.046670777,-0.005298543,0.289866955,0.137658876,-0.008615253,0.085152476,0.031658312,,
747,0.02935836,0.00519249,0.02620273,0.008956134,0.021930712,-0.043980844,-0.047024459,-0.004476188,0.29174078,0.139615647,-0.007473577,0.08461161,0.031021346,,
748,0.029731604,0.005685886,0.026704673,0.009772077,0.023531293,-0.043954013,-0.047427436,-0.003583926,0.293592479,0.141416367,-0.006526423,0.084004724,0.03011601,,
749,0.030136351,0.006204831,0.027245968,0.0105508,0.025077142,-0.043964513,-0.047830717,-0.002644839,0.295400508,0.142950005,-0.005850848,0.083325196,0.028977883,,
750,0.030567565,0.006747481,0.027824348,0.011283846,0.026548167,-0.043988839,-0.048260842,-0.001691268,0.297132564,0.144084816,-0.005533141,0.082555013,0.027635934,,
751,0.031017362,0.007309706,0.028433274,0.01195224,0.027923599,-0.044012028,-0.048751496,-0.000759245,0.298762192,0.144696793,-0.005661815,0.081682356,0.026121525,,
752,0.031480995,0.007889807,0.029066515,0.012553448,0.029183377,-0.04401704,-0.049328419,0.000129648,0.300270883,0.14465986,-0.00632118,0.08069632,0.024460421,,
753,0.031956744,0.008483876,0.029716794,0.013109584,0.030311602,-0.043985182,-0.050006845,0.000948883,0.301651829,0.144027576,-0.007466478,0.079607845,0.022684462,,
754,0.032442544,0.009087756,0.030375547,0.01364136,0.031299821,-0.043916245,-0.050807698,0.001662259,0.302918964,0.142861258,-0.009034892,0.078450452,0.020826492,,
755,0.032933769,0.009697869,0.031034046,0.014131009,0.032158127,-0.043830857,-0.05174203,0.002239095,0.304096281,0.141246932,-0.010948035,0.077256351,0.018930454,,
756,0.033425588,0.010309282,0.031685827,0.014565201,0.032891802,-0.043740935,-0.052818296,0.00264106,0.305191996,0.139281629,-0.013121431,0.076040019,0.017041542,,
757,0.033913838,0.010916913,0.032325182,0.014931391,0.033494383,-0.04366449,-0.05404261,0.00282436,0.306207194,0.137084427,-0.015466895,0.074828755,0.015200992,,
758,0.03439463,0.011516285,0.032947732,0.015226132,0.033962203,-0.043622351,-0.055420225,0.002739811,0.307143189,0.1347774,-0.017901883,0.073656564,0.013442527,,
759,0.034862375,0.012100208,0.033550459,0.015466751,0.034302195,-0.043614328,-0.056927251,0.002354779,0.308006467,0.132459211,-0.020348433,0.072571375,0.011793555,,
760,0.035310978,0.012659647,0.034131854,0.015659645,0.034510111,-0.043641785,-0.058532324,0.001715679,0.308810474,0.13022867,-0.022724481,0.071640316,0.010274944,,
761,0.035734895,0.013186153,0.034693097,0.01580352,0.034589736,-0.043710725,-0.060182553,0.000875303,0.309565381,0.128184876,-0.024947645,0.070917468,0.008901886,,
762,0.036132057,0.013674243,0.035239874,0.015877967,0.034550021,-0.043825294,-0.061823745,-0.000118821,0.310274826,0.126409676,-0.02694423,0.070453813,0.007681041,,
763,0.036504032,0.014121437,0.035778283,0.015860643,0.034385857,-0.043991827,-0.063401878,-0.001223667,0.310943497,0.124988538,-0.028638649,0.070316388,0.006627511,,
764,0.036851311,0.014527268,0.036313778,0.015727232,0.034087272,-0.04421175,-0.064871121,-0.002410729,0.311583871,0.124041412,-0.029945412,0.070585699,0.00576423,,
765,0.037175762,0.014894485,0.036855693,0.015428974,0.033639689,-0.044482383,-0.066198146,-0.003669207,0.312230658,0.123703883,-0.03077119,0.071366687,0.005127777,,
766,0.037477888,0.015226697,0.037416018,0.014909442,0.033041028,-0.044790681,-0.067339153,-0.004979288,0.312914973,0.124108593,-0.031017041,0.072604345,0.004759533,,
767,0.03775673,0.015529647,0.038008568,0.014111909,0.032314943,-0.045125842,-0.068252782,-0.006316192,0.313627937,0.12516536,-0.03079068,0.074217308,0.004705002,,
768,0.038014538,0.015809336,0.038647877,0.013079125,0.03149524,-0.045480539,-0.068906947,-0.007653909,0.314336982,0.126768416,-0.030206679,0.07611461,0.004943545,,
769,0.038256133,0.016073094,0.03934992,0.01186562,0.03062378,-0.045834933,-0.069257653,-0.00897202,0.315019957,0.128812392,-0.029359241,0.078227812,0.005463088,,
770,0.038485682,0.016324665,0.040109003,0.010502961,0.029730949,-0.046200925,-0.069377154,-0.010273229,0.315665043,0.131193362,-0.028309435,0.080509489,0.006244575,,
771,0.038707444,0.016566678,0.040918963,0.009025133,0.028841126,-0.046596659,-0.06932599,-0.01156015,0.316256661,0.133812788,-0.027099454,0.082928807,0.007279856,,
772,0.038924322,0.016804729,0.041776075,0.007457467,0.027967267,-0.047021918,-0.069157306,-0.012837202,0.316776908,0.136568569,-0.025769794,0.085472065,0.008564043,,
773,0.039134604,0.017044159,0.042677352,0.005816391,0.027123537,-0.047494779,-0.068919872,-0.014114449,0.31721168,0.139369136,-0.024362829,0.088135273,0.010070209,,
774,0.039337395,0.017287454,0.043618029,0.00411378,0.026309452,-0.048035386,-0.068654199,-0.01540938,0.317565225,0.142135214,-0.022927283,0.09091349,0.011759554,,
775,0.039533949,0.017537912,0.044590133,0.002352606,0.025499232,-0.048668261,-0.068391442,-0.016741878,0.317848242,0.144800519,-0.02149096,0.093799297,0.013600769,,
776,0.039724872,0.017799989,0.045584367,0.000549773,0.024681767,-0.04940731,-0.068126472,-0.018113098,0.318079126,0.147310517,-0.020050796,0.096772619,0.015573227,,
777,0.03991203,0.018077259,0.046589246,-0.001262361,0.023867213,-0.050258672,-0.067832507,-0.019494195,0.318283467,0.149627724,-0.018592191,0.099820254,0.017662479,,
778,0.040097296,0.018368222,0.047589745,-0.003053499,0.023067484,-0.051229518,-0.067488731,-0.020860113,0.318463026,0.151695247,-0.017126531,0.102925501,0.019830736,,
779,0.04028322,0.018668515,0.048569762,-0.004781373,0.022290377,-0.05231997,-0.067071059,-0.022182871,0.318612844,0.153445149,-0.015675828,0.10605982,0.022032872,,
780,0.040470318,0.018973182,0.049508555,-0.006396516,0.021539472,-0.053522451,-0.066534678,-0.023421432,0.318736874,0.154815792,-0.014257016,0.109196222,0.024230806,,
781,0.040664238,0.019283042,0.050384949,-0.007828089,0.02084354,-0.054823909,-0.065794693,-0.024531706,0.318860526,0.155778268,-0.012853455,0.112326188,0.026412877,,
782,0.040872745,0.019601523,0.051214329,-0.009007262,0.020225285,-0.056235071,-0.064910131,-0.025484409,0.31900065,0.156428619,-0.011445414,0.115443719,0.02857135,,
783,0.041103803,0.01993568,0.052015106,-0.009841721,0.019696378,-0.057769296,-0.063937282,-0.026262467,0.319164945,0.156844792,-0.010030837,0.118522845,0.030694683,,
784,0.041364939,0.02029339,0.052805287,-0.010226396,0.01926303,-0.059422051,-0.062908014,-0.02686158,0.319362347,0.157071187,-0.008618803,0.121507717,0.032767776,,
785,0.041659148,0.020679722,0.053597933,-0.010249715,0.018947962,-0.061171442,-0.061833703,-0.027276877,0.31958208,0.157110105,-0.007226917,0.124317604,0.034756722,,
786,0.04198612,0.021095982,0.054402182,-0.009995359,0.018789612,-0.062982594,-0.06072107,-0.027489857,0.319800523,0.156934309,-0.005879268,0.126847281,0.036596183,,
787,0.04234301,0.021538962,0.055223936,-0.009532093,0.018838812,-0.064800451,-0.059567928,-0.027459289,0.320005352,0.156541624,-0.004593984,0.12899478,0.038225195,,
788,0.042731309,0.02200632,0.056070004,-0.008905174,0.01913652,-0.066543772,-0.05836785,-0.027127411,0.32018321,0.155950314,-0.003384473,0.130660947,0.039559248,,
789,0.043157234,0.022498032,0.056946321,-0.008168792,0.019709318,-0.068147039,-0.057134899,-0.026474924,0.320330271,0.155174421,-0.0022552,0.131739682,0.040525785,,
790,0.043623639,0.023012198,0.057853489,-0.00737245,0.020581546,-0.069552034,-0.055891069,-0.025584436,0.320437991,0.15420619,-0.001214131,0.132090885,0.041065357,,
791,0.04413122,0.02354698,0.05879169,-0.006523176,0.021781433,-0.070698248,-0.054641352,-0.024518958,0.320510566,0.153048344,-0.000283708,0.131568669,0.041125592,,
792,0.044680027,0.024103356,0.059759134,-0.005599805,0.023303362,-0.071508134,-0.053376663,-0.02330919,0.320576372,0.151735018,0.000534737,0.130312377,0.040772165,,
793,0.04526711,0.02468238,0.060751741,-0.004569722,0.025128879,-0.071900847,-0.052074081,-0.021969638,0.320667762,0.15031038,0.001278098,0.128480645,0.040074652,,
794,0.045884825,0.025282129,0.061764881,-0.00339362,0.027227416,-0.071928285,-0.050704673,-0.020510158,0.320799139,0.148795209,0.001983884,0.126200973,0.039092238,,
795,0.046522571,0.025898596,0.062796894,-0.002073504,0.029571496,-0.071628622,-0.049243715,-0.018939484,0.320985987,0.147207419,0.002678028,0.123586917,0.03787953,,
796,0.047171727,0.026525535,0.063846266,-0.00061999,0.032131414,-0.071064338,-0.047691943,-0.017261292,0.32122094,0.145563515,0.003360729,0.120727942,0.036472575,,
797,0.047824495,0.027154735,0.064909562,0.00093988,0.034860328,-0.070310396,-0.046085706,-0.015487497,0.321497587,0.143877155,0.004035682,0.117686528,0.034906528,,
798,0.048475379,0.027780779,0.065982654,0.002583002,0.037705601,-0.069430929,-0.044452717,-0.013640878,0.321811941,0.142157027,0.004713912,0.114517599,0.03323809,,
799,0.049122033,0.028400707,0.067060831,0.00427977,0.040617639,-0.068476413,-0.042802818,-0.011757972,0.322143335,0.140408417,0.005400194,0.111269744,0.031518735,,
800,0.049767099,0.029019113,0.068141498,0.005996011,0.04354493,-0.067492182,-0.041150677,-0.009865482,0.322478073,0.138646023,0.006089455,0.107988207,0.029782467,,
