species,wavelength_nm,energy_cm1,fosc,eps_max_M-1cm-1
NiCl4,479.30,20863.8,1.211080e-04,13.168
NiCl4,485.80,20584.6,1.876100e-05,2.040
NiCl4,523.30,19109.5,1.109450e-04,12.063
NiCl4,531.70,18807.6,1.714000e-05,1.864
Ni_aq6,355.80,28105.7,0.000000e+00,0.000
Ni_aq6,361.00,27700.8,0.000000e+00,0.000
Ni_aq6,361.80,27639.6,0.000000e+00,0.000
Ni_aq6,363.30,27525.5,0.000000e+00,0.000
Ni_aq6,368.50,27137.0,0.000000e+00,0.000
Ni_aq6,696.30,14361.6,0.000000e+00,0.000
Ni_aq6,706.90,14146.3,0.000000e+00,0.000
Ni_aq6,722.40,13842.7,0.000000e+00,0.000
Ni_aq6,852.50,11730.2,0.000000e+00,0.000
Ni_aq6,871.10,11479.7,0.000000e+00,0.000
Ni_aq6,895.90,11162.0,0.000000e+00,0.000
Ni_aq6,1064.20,9396.7,0.000000e+00,0.000
Ni_aq6,1215.60,8226.4,0.000000e+00,0.000
