x_H2O,T_K,x_ChCl_dry,a_ChCl,a_CA,a_H2O
0.8,298.15,0.05,1.223645e-08,5.456944e-02,7.830345e-01
0.8,298.15,0.1,5.332814e-08,4.401264e-02,8.009372e-01
0.8,298.15,0.15,1.720394e-07,3.479433e-02,8.130207e-01
0.8,298.15,0.2,4.859465e-07,2.695470e-02,8.189839e-01
0.8,298.15,0.25,1.264976e-06,2.045739e-02,8.187164e-01
0.8,298.15,0.3,3.101226e-06,1.520715e-02,8.123046e-01
0.8,298.15,0.35,7.237385e-06,1.106892e-02,8.000258e-01
0.8,298.15,0.4,1.616932e-05,7.886255e-03,7.823291e-01
0.8,298.15,0.45,3.469159e-05,5.497130e-03,7.598059e-01
0.8,298.15,0.5,7.160548e-05,3.746253e-03,7.331528e-01
0.8,298.15,0.55,1.423328e-04,2.493428e-03,7.031305e-01
0.8,298.15,0.6,2.726355e-04,1.618201e-03,6.705224e-01
0.8,298.15,0.65,5.034895e-04,1.021427e-03,6.360977e-01
0.8,298.15,0.7,8.968615e-04,6.245529e-04,6.005802e-01
0.8,298.15,0.75,1.541719e-03,3.674620e-04,5.646250e-01
0.8,298.15,0.8,2.559092e-03,2.056008e-04,5.288033e-01
0.8,298.15,0.85,4.104624e-03,1.069286e-04,4.935948e-01
0.8,298.15,0.9,6.366818e-03,4.905518e-05,4.593872e-01
0.8,298.15,0.95,9.559559e-03,1.676490e-05,4.264799e-01
0.8,303.15,0.05,2.063115e-08,5.749957e-02,7.849505e-01
0.8,303.15,0.1,8.719415e-08,4.672103e-02,8.019837e-01
0.8,303.15,0.15,2.728447e-07,3.723382e-02,8.134265e-01
0.8,303.15,0.2,7.477704e-07,2.909584e-02,8.190089e-01
0.8,303.15,0.25,1.889465e-06,2.228863e-02,8.186375e-01
0.8,303.15,0.3,4.498897e-06,1.673322e-02,8.124000e-01
0.8,303.15,0.35,1.020392e-05,1.230799e-02,8.005595e-01
0.8,303.15,0.4,2.217412e-05,8.866214e-03,7.835361e-01
0.8,303.15,0.45,4.631939e-05,6.251809e-03,7.618809e-01
0.8,303.15,0.5,9.318360e-05,4.311845e-03,7.362412e-01
0.8,303.15,0.55,1.807475e-04,2.905544e-03,7.073245e-01
0.8,303.15,0.6,3.382868e-04,1.909714e-03,6.758611e-01
0.8,303.15,0.65,6.112525e-04,1.221124e-03,6.425707e-01
0.8,303.15,0.7,1.066839e-03,7.565185e-04,6.081339e-01
0.8,303.15,0.75,1.799491e-03,4.510378e-04,5.731705e-01
0.8,303.15,0.8,2.935160e-03,2.557403e-04,5.382260e-01
0.8,303.15,0.85,4.632799e-03,1.347839e-04,5.037636e-01
0.8,303.15,0.9,7.081522e-03,6.265707e-05,4.701620e-01
0.8,303.15,0.95,1.049217e-02,2.169575e-05,4.377194e-01
0.8,308.15,0.05,3.385874e-08,6.039411e-02,7.866694e-01
0.8,308.15,0.1,1.389833e-07,4.942005e-02,8.028705e-01
0.8,308.15,0.15,4.224863e-07,3.968709e-02,8.137014e-01
0.8,308.15,0.2,1.125186e-06,3.126956e-02,8.189202e-01
0.8,308.15,0.25,2.763994e-06,2.416616e-02,8.184486e-01
0.8,308.15,0.3,6.401497e-06,1.831403e-02,8.123753e-01
0.8,308.15,0.35,1.413218e-05,1.360528e-02,8.009497e-01
0.8,308.15,0.4,2.991576e-05,9.903679e-03,7.845654e-01
0.8,308.15,0.45,6.092934e-05,7.060016e-03,7.637356e-01
0.8,308.15,0.5,1.196360e-04,4.924787e-03,7.390626e-01
0.8,308.15,0.55,2.267498e-04,3.357648e-03,7.112046e-01
0.8,308.15,0.6,4.151858e-04,2.233535e-03,6.808425e-01
0.8,308.15,0.65,7.348871e-04,1.445799e-03,6.486496e-01
0.8,308.15,0.7,1.258117e-03,9.069237e-04,6.152656e-01
0.8,308.15,0.75,2.084412e-03,5.475448e-04,5.812771e-01
0.8,308.15,0.8,3.344025e-03,3.144035e-04,5.472042e-01
0.8,308.15,0.85,5.198412e-03,1.678065e-04,5.134928e-01
0.8,308.15,0.9,7.836386e-03,7.899510e-05,4.805126e-01
0.8,308.15,0.95,1.146488e-02,2.769615e-05,4.485586e-01
0.8,313.15,0.05,5.417923e-08,6.324569e-02,7.882049e-01
0.8,313.15,0.1,2.163098e-07,5.210157e-02,8.036098e-01
0.8,313.15,0.15,6.396974e-07,4.214584e-02,8.138561e-01
0.8,313.15,0.2,1.657947e-06,3.346798e-02,8.187276e-01
0.8,313.15,0.25,3.965070e-06,2.608299e-02,8.181595e-01
0.8,313.15,0.3,8.945273e-06,1.994384e-02,8.122408e-01
0.8,313.15,0.35,1.924870e-05,1.495648e-02,8.012081e-01
0.8,313.15,0.4,3.974708e-05,1.099574e-02,7.854302e-01
0.8,313.15,0.45,7.903638e-05,7.920108e-03,7.653854e-01
0.8,313.15,0.5,1.516653e-04,5.584482e-03,7.416342e-01
0.8,313.15,0.55,2.812313e-04,3.849916e-03,7.147894e-01
0.8,313.15,0.6,5.043757e-04,2.590340e-03,6.854860e-01
0.8,313.15,0.65,8.754984e-04,1.696376e-03,6.543539e-01
0.8,313.15,0.7,1.471717e-03,1.076745e-03,6.219943e-01
0.8,313.15,0.75,2.397237e-03,6.578734e-04,5.889619e-01
0.8,313.15,0.8,3.785969e-03,3.823130e-04,5.557522e-01
0.8,313.15,0.85,5.801081e-03,2.065163e-04,5.227939e-01
0.8,313.15,0.9,8.630240e-03,9.838809e-05,4.904465e-01
0.8,313.15,0.95,1.247573e-02,3.490769e-05,4.590011e-01
0.8,318.15,0.05,8.466232e-08,6.604771e-02,7.895696e-01
0.8,318.15,0.1,3.292093e-07,5.475804e-02,8.042127e-01
0.8,318.15,0.15,9.484328e-07,4.460217e-02,8.139006e-01
0.8,318.15,0.2,2.395393e-06,3.568342e-02,8.184404e-01
0.8,318.15,0.25,5.584854e-06,2.803218e-02,8.177791e-01
0.8,318.15,0.3,1.228954e-05,2.161674e-02,8.120060e-01
0.8,318.15,0.35,2.581064e-05,1.635696e-02,8.013453e-01
0.8,318.15,0.4,5.205703e-05,1.213908e-02,7.861427e-01
0.8,318.15,0.45,1.011918e-04,8.830023e-03,7.668444e-01
0.8,318.15,0.5,1.900014e-04,6.289932e-03,7.439722e-01
0.8,318.15,0.55,3.450898e-04,4.382172e-03,7.180968e-01
0.8,318.15,0.6,6.068703e-04,2.980516e-03,6.898104e-01
0.8,318.15,0.65,1.034116e-03,1.973568e-03,6.597026e-01
0.8,318.15,0.7,1.708538e-03,1.266817e-03,6.283384e-01
0.8,318.15,0.75,2.738546e-03,7.828296e-04,5.962420e-01
0.8,318.15,0.8,4.261067e-03,4.601488e-04,5.638848e-01
0.8,318.15,0.85,6.440210e-03,2.514182e-04,5.316788e-01
0.8,318.15,0.9,9.461722e-03,1.211537e-04,4.999723e-01
0.8,318.15,0.95,1.352256e-02,4.347462e-05,4.690519e-01
0.8,323.15,0.05,1.293817e-07,6.879424e-02,7.907751e-01
0.8,323.15,0.1,4.906201e-07,5.738251e-02,8.046895e-01
0.8,323.15,0.15,1.378703e-06,4.704863e-02,8.138441e-01
0.8,323.15,0.2,3.397576e-06,3.790847e-02,8.180669e-01
0.8,323.15,0.25,7.732338e-06,3.000682e-02,8.173159e-01
0.8,323.15,0.3,1.661743e-05,2.332675e-02,8.116798e-01
0.8,323.15,0.35,3.410537e-05,1.780185e-02,8.013713e-01
0.8,323.15,0.4,6.726805e-05,1.333008e-02,7.867147e-01
0.8,323.15,0.45,1.279771e-04,9.787328e-03,7.681262e-01
0.8,323.15,0.5,2.353920e-04,7.039763e-03,7.460918e-01
0.8,323.15,0.55,4.192154e-04,4.953898e-03,7.211435e-01
0.8,323.15,0.6,7.236390e-04,3.404165e-03,6.938338e-01
0.8,323.15,0.65,1.211678e-03,2.277866e-03,6.647143e-01
0.8,323.15,0.7,1.969338e-03,1.477819e-03,6.343159e-01
0.8,323.15,0.75,3.108741e-03,9.231210e-04,6.031342e-01
0.8,323.15,0.8,4.769184e-03,5.485372e-04,5.716173e-01
0.8,323.15,0.85,7.114996e-03,3.029936e-04,5.401600e-01
0.8,323.15,0.9,1.032927e-02,1.476030e-04,5.091000e-01
0.8,323.15,0.95,1.460310e-02,5.354160e-05,4.787176e-01
0.8,328.15,0.05,1.936270e-07,7.148005e-02,7.918327e-01
0.8,328.15,0.1,7.168859e-07,5.996862e-02,8.050499e-01
0.8,328.15,0.15,1.967377e-06,4.947825e-02,8.136950e-01
0.8,328.15,0.2,4.736266e-06,4.013602e-02,8.176151e-01
0.8,328.15,0.25,1.053427e-05,3.200016e-02,8.167776e-01
0.8,328.15,0.3,2.213612e-05,2.506782e-02,8.112704e-01
0.8,328.15,0.35,4.444908e-05,1.928613e-02,8.012955e-01
0.8,328.15,0.4,8.583238e-05,1.456483e-02,7.871569e-01
0.8,328.15,0.45,1.599977e-04,1.078926e-02,7.692432e-01
0.8,328.15,0.5,2.885918e-04,7.832258e-03,7.480077e-01
0.8,328.15,0.55,5.044791e-04,5.564252e-03,7.239457e-01
0.8,328.15,0.6,8.555935e-04,3.861110e-03,6.975733e-01
0.8,328.15,0.65,1.409023e-03,2.609538e-03,6.694067e-01
0.8,328.15,0.7,2.254723e-03,1.710264e-03,6.399449e-01
0.8,328.15,0.75,3.508034e-03,1.079346e-03,6.096556e-01
0.8,328.15,0.8,5.309990e-03,6.480407e-04,5.789649e-01
0.8,328.15,0.85,7.824431e-03,3.616920e-04,5.482510e-01
0.8,328.15,0.9,1.123118e-02,1.780360e-04,5.178399e-01
0.8,328.15,0.95,1.571496e-02,6.525168e-05,4.880058e-01
0.8,333.15,0.05,2.841275e-07,7.410053e-02,7.927524e-01
0.8,333.15,0.1,1.028252e-06,6.251060e-02,8.053029e-01
0.8,333.15,0.15,2.758933e-06,5.188451e-02,8.134613e-01
0.8,333.15,0.2,6.495776e-06,4.235933e-02,8.170922e-01
0.8,333.15,0.25,1.413561e-05,3.400563e-02,8.161713e-01
0.8,333.15,0.3,2.907636e-05,2.683398e-02,8.107855e-01
0.8,333.15,0.35,5.718485e-05,2.080465e-02,8.011265e-01
0.8,333.15,0.4,1.082273e-04,1.583922e-02,7.874795e-01
0.8,333.15,0.45,1.978748e-04,1.183279e-02,7.702076e-01
0.8,333.15,0.5,3.503536e-04,8.665395e-03,7.497333e-01
0.8,333.15,0.55,6.017184e-04,6.212088e-03,7.265187e-01
0.8,333.15,0.6,1.003576e-03,4.350901e-03,7.010455e-01
0.8,333.15,0.65,1.626873e-03,2.968630e-03,6.737971e-01
0.8,333.15,0.7,2.565156e-03,1.964502e-03,6.452422e-01
0.8,333.15,0.75,3.936466e-03,1.251987e-03,6.158227e-01
0.8,333.15,0.8,5.882952e-03,7.591490e-04,5.859431e-01
0.8,333.15,0.85,8.567346e-03,4.279253e-04,5.559650e-01
0.8,333.15,0.9,1.216560e-02,2.127367e-04,5.262031e-01
0.8,333.15,0.95,1.685568e-02,7.874408e-05,4.969248e-01
0.8,338.15,0.05,4.092794e-07,7.665170e-02,7.935439e-01
0.8,338.15,0.1,1.449344e-06,6.500326e-02,8.054567e-01
0.8,338.15,0.15,3.806107e-06,5.426142e-02,8.131503e-01
0.8,338.15,0.2,8.773549e-06,4.457199e-02,8.165048e-01
0.8,338.15,0.25,1.869972e-05,3.601689e-02,8.155036e-01
0.8,338.15,0.3,3.769159e-05,2.861931e-02,8.102322e-01
0.8,338.15,0.35,7.267960e-05,2.235223e-02,8.008723e-01
0.8,338.15,0.4,1.349501e-04,1.714900e-02,7.876920e-01
0.8,338.15,0.45,2.422375e-04,1.291464e-02,7.710304e-01
0.8,338.15,0.5,4.214158e-04,9.536878e-03,7.512817e-01
0.8,338.15,0.55,7.117286e-04,6.895987e-03,7.288770e-01
0.8,338.15,0.6,1.168345e-03,4.872833e-03,7.042662e-01
0.8,338.15,0.65,1.865831e-03,3.354967e-03,6.779021e-01
0.8,338.15,0.7,2.900936e-03,2.240704e-03,6.502251e-01
0.8,338.15,0.75,4.393889e-03,1.441403e-03,6.216520e-01
0.8,338.15,0.8,6.487372e-03,8.822738e-04,5.925671e-01
0.8,338.15,0.85,9.342386e-03,5.020599e-04,5.633159e-01
0.8,338.15,0.9,1.313054e-02,2.519688e-04,5.342015e-01
0.8,338.15,0.95,1.802270e-02,9.415199e-05,5.054839e-01
0.8,343.15,0.05,5.793708e-07,7.913018e-02,7.942163e-01
0.8,343.15,0.1,2.009604e-06,6.744199e-02,8.055192e-01
0.8,343.15,0.15,5.170417e-06,5.660346e-02,8.127687e-01
0.8,343.15,0.2,1.168048e-05,4.676802e-02,8.158593e-01
0.8,343.15,0.25,2.440792e-05,3.802787e-02,8.147807e-01
0.8,343.15,0.3,4.825615e-05,3.041804e-02,8.096169e-01
0.8,343.15,0.35,9.132068e-05,2.392371e-02,8.005406e-01
0.8,343.15,0.4,1.665120e-04,1.848979e-02,7.878032e-01
0.8,343.15,0.45,2.937152e-04,1.403136e-02,7.717220e-01
0.8,343.15,0.5,5.024947e-04,1.044419e-02,7.526650e-01
0.8,343.15,0.55,8.352494e-04,7.614279e-03,7.310343e-01
0.8,343.15,0.6,1.350570e-03,5.425962e-03,7.072505e-01
0.8,343.15,0.65,2.126375e-03,3.768169e-03,6.817376e-01
0.8,343.15,0.7,3.262213e-03,2.538880e-03,6.549094e-01
0.8,343.15,0.75,4.879995e-03,1.647830e-03,6.271593e-01
0.8,343.15,0.8,7.122370e-03,1.017742e-03,5.988520e-01
0.8,343.15,0.85,1.014807e-02,5.844139e-04,5.703173e-01
0.8,343.15,0.9,1.412392e-02,2.959725e-04,5.418468e-01
0.8,343.15,0.95,1.921344e-02,1.116009e-04,5.136929e-01
0.8,348.15,0.05,8.067927e-07,8.153312e-02,7.947777e-01
0.8,348.15,0.1,2.743659e-06,6.982271e-02,8.054974e-01
0.8,348.15,0.15,6.922515e-06,5.890565e-02,8.123229e-01
0.8,348.15,0.2,1.534095e-05,4.894186e-02,8.151613e-01
0.8,348.15,0.25,3.145875e-05,4.003282e-02,8.140082e-01
0.8,348.15,0.3,6.106319e-05,3.222457e-02,8.089459e-01
0.8,348.15,0.35,1.135117e-04,2.551397e-02,8.001382e-01
0.8,348.15,0.4,2.034318e-04,1.985718e-02,7.878214e-01
0.8,348.15,0.45,3.529280e-04,1.517937e-02,7.722924e-01
0.8,348.15,0.5,5.942728e-04,1.138461e-02,7.538947e-01
0.8,348.15,0.55,9.729569e-04,8.365079e-03,7.330037e-01
0.8,348.15,0.6,1.550823e-03,6.009124e-03,7.100128e-01
0.8,348.15,0.65,2.408850e-03,4.207652e-03,6.853188e-01
0.8,348.15,0.7,3.648979e-03,2.858870e-03,6.593109e-01
0.8,348.15,0.75,5.394307e-03,1.871375e-03,6.323604e-01
0.8,348.15,0.8,7.786911e-03,1.165793e-03,6.048129e-01
0.8,348.15,0.85,1.098279e-02,6.752510e-04,5.769832e-01
0.8,348.15,0.9,1.514357e-02,3.449600e-04,5.491514e-01
0.8,348.15,0.95,2.042529e-02,1.312069e-04,5.215620e-01
0.8,353.15,0.05,1.106227e-06,8.385823e-02,7.952362e-01
0.8,353.15,0.1,3.691620e-06,7.214188e-02,8.053982e-01
0.8,353.15,0.15,9.142382e-06,6.116347e-02,8.118186e-01
0.8,353.15,0.2,1.989250e-05,5.108835e-02,8.144162e-01
0.8,353.15,0.25,4.006667e-05,4.202630e-02,8.131914e-01
0.8,353.15,0.3,7.642199e-05,3.403356e-02,8.082247e-01
0.8,353.15,0.35,1.396679e-04,2.711800e-02,7.996717e-01
0.8,353.15,0.4,2.462296e-04,2.124675e-02,7.877545e-01
0.8,353.15,0.45,4.204796e-04,1.635500e-02,7.727507e-01
0.8,353.15,0.5,6.973910e-04,1.235527e-02,7.549815e-01
0.8,353.15,0.55,1.125455e-03,9.146316e-03,7.347975e-01
0.8,353.15,0.6,1.769573e-03,6.620966e-03,7.125665e-01
0.8,353.15,0.65,2.713472e-03,4.672654e-03,6.886603e-01
0.8,353.15,0.7,4.061079e-03,3.200357e-03,6.634449e-01
0.8,353.15,0.75,5.936191e-03,2.112021e-03,6.372704e-01
0.8,353.15,0.8,8.479835e-03,1.326579e-03,6.104644e-01
0.8,353.15,0.85,1.184481e-02,7.747801e-04,5.833270e-01
0.8,353.15,0.9,1.618727e-02,3.991147e-04,5.561275e-01
0.8,353.15,0.95,2.165562e-02,1.530749e-04,5.291019e-01
0.8,358.15,0.05,1.494806e-06,8.610367e-02,7.955990e-01
0.8,358.15,0.1,4.899268e-06,7.439648e-02,8.052277e-01
0.8,358.15,0.15,1.191930e-05,6.337290e-02,8.112613e-01
0.8,358.15,0.2,2.548530e-05,5.320278e-02,8.136288e-01
0.8,358.15,0.25,5.046050e-05,4.400324e-02,8.123351e-01
0.8,358.15,0.3,9.465462e-05,3.583985e-02,8.074586e-01
0.8,358.15,0.35,1.702114e-04,2.873092e-02,7.991471e-01
0.8,358.15,0.4,2.954197e-04,2.265413e-02,7.876094e-01
0.8,358.15,0.45,4.969491e-04,1.755452e-02,7.731056e-01
0.8,358.15,0.5,8.124404e-04,1.335320e-02,7.559357e-01
0.8,358.15,0.55,1.293271e-03,9.955761e-03,7.364274e-01
0.8,358.15,0.6,2.007180e-03,7.259958e-03,7.149246e-01
0.8,358.15,0.65,3.040327e-03,5.162241e-03,6.917761e-01
0.8,358.15,0.7,4.498213e-03,3.562875e-03,6.673257e-01
0.8,358.15,0.75,6.504881e-03,2.369635e-03,6.419037e-01
0.8,358.15,0.8,9.199843e-03,1.500163e-03,6.158207e-01
0.8,358.15,0.85,1.273231e-02,8.831507e-04,5.893626e-01
0.8,358.15,0.9,1.725273e-02,4.585877e-04,5.627874e-01
0.8,358.15,0.95,2.290180e-02,1.772973e-04,5.363234e-01
0.8,363.15,0.05,1.992235e-06,8.826810e-02,7.958728e-01
0.8,363.15,0.1,6.418133e-06,7.658396e-02,8.049918e-01
0.8,363.15,0.15,1.535161e-05,6.553042e-02,8.106559e-01
0.8,363.15,0.2,3.228109e-05,5.528089e-02,8.128037e-01
0.8,363.15,0.25,6.288133e-05,4.595892e-02,8.114436e-01
0.8,363.15,0.3,1.160927e-04,3.763862e-02,8.066524e-01
0.8,363.15,0.35,2.055661e-04,3.034805e-02,7.985701e-01
0.8,363.15,0.4,3.515041e-04,2.407500e-02,7.873931e-01
0.8,363.15,0.45,5.828829e-04,1.877421e-02,7.733652e-01
0.8,363.15,0.5,9.399561e-04,1.437535e-02,7.567667e-01
0.8,363.15,0.55,1.476845e-03,1.079107e-02,7.379042e-01
0.8,363.15,0.6,2.263896e-03,7.924422e-03,7.170995e-01
0.8,363.15,0.65,3.389371e-03,5.675328e-03,6.946795e-01
0.8,363.15,0.7,4.959946e-03,3.945819e-03,6.709673e-01
0.8,363.15,0.75,7.099473e-03,2.643962e-03,6.462747e-01
0.8,363.15,0.8,9.945527e-03,1.686519e-03,6.208959e-01
0.8,363.15,0.85,1.364342e-02,1.000455e-03,5.951031e-01
0.8,363.15,0.9,1.833767e-02,5.234973e-04,5.691436e-01
0.8,363.15,0.95,2.416125e-02,2.039536e-04,5.432375e-01
0.8,368.15,0.05,2.620858e-06,9.035060e-02,7.960642e-01
0.8,368.15,0.1,8.305458e-06,7.870225e-02,8.046958e-01
0.8,368.15,0.15,1.954628e-05,6.763294e-02,8.100071e-01
0.8,368.15,0.2,4.045214e-05,5.731882e-02,8.119450e-01
0.8,368.15,0.25,7.758015e-05,4.788899e-02,8.105213e-01
0.8,368.15,0.3,1.410736e-04,3.942529e-02,8.058106e-01
0.8,368.15,0.35,2.461519e-04,3.196488e-02,7.979458e-01
0.8,368.15,0.4,4.149671e-04,2.550519e-02,7.871118e-01
0.8,368.15,0.45,6.787898e-04,2.001035e-02,7.735369e-01
0.8,368.15,0.5,1.080409e-03,1.541860e-02,7.574836e-01
0.8,368.15,0.55,1.676532e-03,1.164979e-02,7.392384e-01
0.8,368.15,0.6,2.539863e-03,8.612559e-03,7.191026e-01
0.8,368.15,0.65,3.760437e-03,6.210700e-03,6.973829e-01
0.8,368.15,0.7,5.445714e-03,4.348459e-03,6.743829e-01
0.8,368.15,0.75,7.718947e-03,2.934643e-03,6.503968e-01
0.8,368.15,0.8,1.071540e-02,1.885541e-03,6.257033e-01
0.8,368.15,0.85,1.457619e-02,1.126726e-03,6.005616e-01
0.8,368.15,0.9,1.943975e-02,5.939269e-04,5.752081e-01
0.8,368.15,0.95,2.543141e-02,2.331087e-04,5.498552e-01
0.8,373.15,0.05,3.405691e-06,9.235065e-02,7.961791e-01
0.8,373.15,0.1,1.062405e-05,8.074969e-02,8.043447e-01
0.8,373.15,0.15,2.461827e-05,6.967784e-02,8.093191e-01
0.8,373.15,0.2,5.017966e-05,5.931315e-02,8.110566e-01
0.8,373.15,0.25,9.481525e-05,4.978949e-02,8.095719e-01
0.8,373.15,0.3,1.699364e-04,4.119563e-02,8.049373e-01
0.8,373.15,0.35,2.923809e-04,3.357716e-02,7.972791e-01
0.8,373.15,0.4,4.862687e-04,2.694064e-02,7.867713e-01
0.8,373.15,0.45,7.851345e-04,2.125931e-02,7.736279e-01
0.8,373.15,0.5,1.234205e-03,1.647986e-02,7.580947e-01
0.8,373.15,0.55,1.892598e-03,1.252942e-02,7.404397e-01
0.8,373.15,0.6,2.835117e-03,9.322473e-03,7.209451e-01
0.8,373.15,0.65,4.153240e-03,6.767025e-03,6.998984e-01
0.8,373.15,0.7,5.954836e-03,4.769947e-03,6.775854e-01
0.8,373.15,0.75,8.362180e-03,3.241214e-03,6.542834e-01
0.8,373.15,0.8,1.150789e-02,2.097035e-03,6.302563e-01
0.8,373.15,0.85,1.552864e-02,1.261940e-03,6.057508e-01
0.8,373.15,0.9,2.055670e-02,6.699266e-04,5.809931e-01
0.8,373.15,0.95,2.671002e-02,2.648169e-04,5.561864e-01
0.8,378.15,0.05,4.374390e-06,9.426809e-02,7.962229e-01
0.8,378.15,0.1,1.344197e-05,8.272507e-02,8.039432e-01
0.8,378.15,0.15,3.068968e-05,7.166291e-02,8.085959e-01
0.8,378.15,0.2,6.165213e-05,6.126088e-02,8.101421e-01
0.8,378.15,0.25,1.148496e-04,5.165682e-02,8.085988e-01
0.8,378.15,0.3,2.030179e-04,4.294569e-02,8.040363e-01
0.8,378.15,0.35,3.446508e-04,3.518085e-02,7.965745e-01
0.8,378.15,0.4,5.658387e-04,2.837745e-02,7.863771e-01
0.8,378.15,0.45,9.023313e-04,2.251752e-02,7.736449e-01
0.8,378.15,0.5,1.401678e-03,1.755602e-02,7.586079e-01
0.8,378.15,0.55,2.125216e-03,1.342742e-02,7.415173e-01
0.8,378.15,0.6,3.149586e-03,1.005219e-02,7.226372e-01
0.8,378.15,0.65,4.567383e-03,7.342878e-03,7.022374e-01
0.8,378.15,0.7,6.486529e-03,5.209343e-03,6.805867e-01
0.8,378.15,0.75,9.027969e-03,3.563124e-03,6.579467e-01
0.8,378.15,0.8,1.232137e-02,2.320738e-03,6.345673e-01
0.8,378.15,0.85,1.649877e-02,1.406018e-03,6.106831e-01
0.8,378.15,0.9,2.168638e-02,7.515205e-04,5.865093e-01
0.8,378.15,0.95,2.799419e-02,2.991069e-04,5.622444e-01
0.8,383.15,0.05,5.557163e-06,9.610309e-02,7.962010e-01
0.8,383.15,0.1,1.683214e-05,8.462753e-02,8.034956e-01
0.8,383.15,0.15,3.788874e-05,7.358635e-02,8.078411e-01
0.8,383.15,0.2,7.506343e-05,6.315940e-02,8.092047e-01
0.8,383.15,0.25,1.379476e-04,5.348777e-02,8.076054e-01
0.8,383.15,0.3,2.406491e-04,4.467188e-02,8.031112e-01
0.8,383.15,0.35,4.033421e-04,3.677219e-02,7.958360e-01
0.8,383.15,0.4,6.540738e-04,2.981194e-02,7.859341e-01
0.8,383.15,0.45,1.030743e-03,2.378155e-02,7.735938e-01
0.8,383.15,0.5,1.583090e-03,1.864405e-02,7.590306e-01
0.8,383.15,0.55,2.374473e-03,1.434123e-02,7.424797e-01
0.8,383.15,0.6,3.483098e-03,1.079969e-02,7.241887e-01
0.8,383.15,0.65,5.002365e-03,7.936756e-03,7.044106e-01
0.8,383.15,0.7,7.039910e-03,5.665615e-03,6.833984e-01
0.8,383.15,0.75,9.715016e-03,3.899731e-03,6.613989e-01
0.8,383.15,0.8,1.315416e-02,2.556312e-03,6.386486e-01
0.8,383.15,0.85,1.748470e-02,1.558844e-03,6.153694e-01
0.8,383.15,0.9,2.282625e-02,8.386752e-04,5.917703e-01
0.8,383.15,0.95,2.928180e-02,3.360026e-04,5.680387e-01
0.8,388.15,0.05,6.986624e-06,9.785615e-02,7.961182e-01
0.8,388.15,0.1,2.087183e-05,8.645658e-02,8.030059e-01
0.8,388.15,0.15,4.634869e-05,7.544674e-02,8.070581e-01
0.8,388.15,0.2,9.061097e-05,6.500650e-02,8.082475e-01
0.8,388.15,0.25,1.643726e-04,5.527948e-02,8.065945e-01
0.8,388.15,0.3,2.831511e-04,4.637089e-02,8.021651e-01
0.8,388.15,0.35,4.688122e-04,3.834768e-02,7.950675e-01
0.8,388.15,0.4,7.513315e-04,3.124060e-02,7.854470e-01
0.8,388.15,0.45,1.170674e-03,2.504806e-02,7.734805e-01
0.8,388.15,0.5,1.778630e-03,1.974096e-02,7.593697e-01
0.8,388.15,0.55,2.640364e-03,1.526829e-02,7.433351e-01
0.8,388.15,0.6,3.835387e-03,1.156291e-02,7.256087e-01
0.8,388.15,0.65,5.457591e-03,8.547098e-03,7.064283e-01
0.8,388.15,0.7,7.614009e-03,6.137656e-03,6.860315e-01
0.8,388.15,0.75,1.042199e-02,4.250330e-03,6.646514e-01
0.8,388.15,0.8,1.400456e-02,2.803357e-03,6.425119e-01
0.8,388.15,0.85,1.848418e-02,1.720205e-03,6.198237e-01
0.8,388.15,0.9,2.397426e-02,9.313476e-04,5.967865e-01
0.8,388.15,0.95,3.057061e-02,3.755098e-04,5.735800e-01
0.8,393.15,0.05,8.697618e-06,9.952803e-02,7.959790e-01
0.8,393.15,0.1,2.564205e-05,8.821205e-02,8.024779e-01
0.8,393.15,0.15,5.620650e-05,7.724304e-02,8.062500e-01
0.8,393.15,0.2,1.084934e-04,6.680031e-02,8.072731e-01
0.8,393.15,0.25,1.943835e-04,5.702944e-02,8.055689e-01
0.8,393.15,0.3,3.308314e-04,4.803978e-02,8.012012e-01
0.8,393.15,0.35,5.413928e-04,3.990409e-02,7.942726e-01
0.8,393.15,0.4,8.579279e-04,3.266014e-02,7.849203e-01
0.8,393.15,0.45,1.322373e-03,2.631389e-02,7.733102e-01
0.8,393.15,0.5,1.988410e-03,2.084385e-02,7.596316e-01
0.8,393.15,0.55,2.922801e-03,1.620611e-02,7.440910e-01
0.8,393.15,0.6,4.206091e-03,1.233979e-02,7.269061e-01
0.8,393.15,0.65,5.932378e-03,9.172297e-03,7.083000e-01
0.8,393.15,0.7,8.207792e-03,6.624307e-03,6.884964e-01
0.8,393.15,0.75,1.114747e-02,4.614143e-03,6.677152e-01
0.8,393.15,0.8,1.487093e-02,3.061444e-03,6.461672e-01
0.8,393.15,0.85,1.949538e-02,1.889888e-03,6.240559e-01
0.8,393.15,0.9,2.512830e-02,1.029458e-03,6.015686e-01
0.8,393.15,0.95,3.185842e-02,4.176190e-04,5.788788e-01
0.8,398.15,0.05,1.072697e-05,1.011197e-01,7.957876e-01
0.8,398.15,0.1,3.122681e-05,8.989408e-02,8.019149e-01
0.8,398.15,0.15,6.760152e-05,7.897451e-02,8.054198e-01
0.8,398.15,0.2,1.289087e-04,6.853934e-02,8.062842e-01
0.8,398.15,0.25,2.282324e-04,5.873552e-02,8.045311e-01
0.8,398.15,0.3,3.839811e-04,4.967590e-02,8.002220e-01
0.8,398.15,0.35,6.213859e-04,4.143848e-02,7.934546e-01
0.8,398.15,0.4,9.741347e-04,3.406749e-02,7.843579e-01
0.8,398.15,0.45,1.486027e-03,2.757605e-02,7.730880e-01
0.8,398.15,0.5,2.212474e-03,2.194994e-02,7.598223e-01
0.8,398.15,0.55,3.221613e-03,1.715223e-02,7.447546e-01
0.8,398.15,0.6,4.594772e-03,1.312827e-02,7.280889e-01
0.8,398.15,0.65,6.425967e-03,9.810730e-03,7.100348e-01
0.8,398.15,0.7,8.820158e-03,7.124358e-03,6.908030e-01
0.8,398.15,0.75,1.189011e-02,4.990390e-03,6.705996e-01
0.8,398.15,0.8,1.575139e-02,3.330005e-03,6.496275e-01
0.8,398.15,0.85,2.051634e-02,2.067620e-03,6.280769e-01
0.8,398.15,0.9,2.628631e-02,1.132897e-03,6.061272e-01
0.8,398.15,0.95,3.314321e-02,4.623080e-04,5.839452e-01
0.0,298.15,0.05,1.393157e-10,9.023992e-01,0.000000e+00
0.0,298.15,0.1,2.264790e-09,7.204826e-01,0.000000e+00
0.0,298.15,0.15,3.108985e-08,4.953313e-01,0.000000e+00
0.0,298.15,0.2,4.099600e-07,2.864060e-01,0.000000e+00
0.0,298.15,0.25,5.028758e-06,1.382812e-01,0.000000e+00
0.0,298.15,0.3,5.185033e-05,5.710356e-02,0.000000e+00
0.0,298.15,0.35,4.025995e-04,2.131962e-02,0.000000e+00
0.0,298.15,0.4,2.220546e-03,7.670257e-03,0.000000e+00
0.0,298.15,0.45,8.774389e-03,2.784779e-03,0.000000e+00
0.0,298.15,0.5,2.606212e-02,1.042391e-03,0.000000e+00
0.0,298.15,0.55,6.158236e-02,4.038018e-04,0.000000e+00
0.0,298.15,0.6,1.216591e-01,1.610262e-04,0.000000e+00
0.0,298.15,0.65,2.089037e-01,6.549827e-05,0.000000e+00
0.0,298.15,0.7,3.209725e-01,2.687865e-05,0.000000e+00
0.0,298.15,0.75,4.508399e-01,1.098647e-05,0.000000e+00
0.0,298.15,0.8,5.882116e-01,4.398178e-06,0.000000e+00
0.0,298.15,0.85,7.214997e-01,1.678788e-06,0.000000e+00
0.0,298.15,0.9,8.398019e-01,5.780132e-07,0.000000e+00
0.0,298.15,0.95,9.344649e-01,1.512352e-07,0.000000e+00
0.0,303.15,0.05,3.149446e-10,9.039473e-01,0.000000e+00
0.0,303.15,0.1,4.754235e-09,7.261187e-01,0.000000e+00
0.0,303.15,0.15,5.991754e-08,5.053856e-01,0.000000e+00
0.0,303.15,0.2,7.165794e-07,2.983681e-01,0.000000e+00
0.0,303.15,0.25,7.900840e-06,1.485988e-01,0.000000e+00
0.0,303.15,0.3,7.324932e-05,6.388912e-02,0.000000e+00
0.0,303.15,0.35,5.178549e-04,2.495196e-02,0.000000e+00
0.0,303.15,0.4,2.653358e-03,9.381302e-03,0.000000e+00
0.0,303.15,0.45,9.937258e-03,3.543079e-03,0.000000e+00
0.0,303.15,0.5,2.842288e-02,1.372102e-03,0.000000e+00
0.0,303.15,0.55,6.540641e-02,5.472379e-04,0.000000e+00
0.0,303.15,0.6,1.268159e-01,2.238046e-04,0.000000e+00
0.0,303.15,0.65,2.148605e-01,9.308208e-05,0.000000e+00
0.0,303.15,0.7,3.269600e-01,3.896762e-05,0.000000e+00
0.0,303.15,0.75,4.560942e-01,1.621896e-05,0.000000e+00
0.0,303.15,0.8,5.921901e-01,6.601790e-06,0.000000e+00
0.0,303.15,0.85,7.240042e-01,2.558971e-06,0.000000e+00
0.0,303.15,0.9,8.409896e-01,8.937473e-07,0.000000e+00
0.0,303.15,0.95,9.347689e-01,2.369815e-07,0.000000e+00
0.0,308.15,0.05,6.839354e-10,9.054341e-01,0.000000e+00
0.0,308.15,0.1,9.615827e-09,7.315666e-01,0.000000e+00
0.0,308.15,0.15,1.116604e-07,5.152137e-01,0.000000e+00
0.0,308.15,0.2,1.216608e-06,3.102716e-01,0.000000e+00
0.0,308.15,0.25,1.212479e-05,1.591399e-01,0.000000e+00
0.0,308.15,0.3,1.016992e-04,7.107001e-02,0.000000e+00
0.0,308.15,0.35,6.583054e-04,2.895757e-02,0.000000e+00
0.0,308.15,0.4,3.146422e-03,1.134943e-02,0.000000e+00
0.0,308.15,0.45,1.119891e-02,4.450063e-03,0.000000e+00
0.0,308.15,0.5,3.089716e-02,1.780240e-03,0.000000e+00
0.0,308.15,0.55,6.931727e-02,7.301456e-04,0.000000e+00
0.0,308.15,0.6,1.319979e-01,3.059519e-04,0.000000e+00
0.0,308.15,0.65,2.207711e-01,1.300062e-04,0.000000e+00
0.0,308.15,0.7,3.328471e-01,5.548241e-05,0.000000e+00
0.0,308.15,0.75,4.612270e-01,2.350001e-05,0.000000e+00
0.0,308.15,0.8,5.960595e-01,9.720326e-06,0.000000e+00
0.0,308.15,0.85,7.264330e-01,3.824165e-06,0.000000e+00
0.0,308.15,0.9,8.421395e-01,1.354203e-06,0.000000e+00
0.0,308.15,0.95,9.350630e-01,3.637273e-07,0.000000e+00
0.0,313.15,0.05,1.430233e-09,9.068640e-01,0.000000e+00
0.0,313.15,0.1,1.878129e-08,7.368368e-01,0.000000e+00
0.0,313.15,0.15,2.016253e-07,5.248212e-01,0.000000e+00
0.0,313.15,0.2,2.009978e-06,3.221029e-01,0.000000e+00
0.0,313.15,0.25,1.820188e-05,1.698783e-01,0.000000e+00
0.0,313.15,0.3,1.389230e-04,7.863044e-02,0.000000e+00
0.0,313.15,0.35,8.276469e-04,3.334121e-02,0.000000e+00
0.0,313.15,0.4,3.704408e-03,1.359072e-02,0.000000e+00
0.0,313.15,0.45,1.256235e-02,5.522010e-03,0.000000e+00
0.0,313.15,0.5,3.348484e-02,2.278732e-03,0.000000e+00
0.0,313.15,0.55,7.331307e-02,9.600238e-04,0.000000e+00
0.0,313.15,0.6,1.372046e-01,4.118006e-04,0.000000e+00
0.0,313.15,0.65,2.266384e-01,1.786421e-04,0.000000e+00
0.0,313.15,0.7,3.386404e-01,7.766807e-05,0.000000e+00
0.0,313.15,0.75,4.662471e-01,3.345749e-05,0.000000e+00
0.0,313.15,0.8,5.998278e-01,1.405559e-05,0.000000e+00
0.0,313.15,0.85,7.287919e-01,5.609781e-06,0.000000e+00
0.0,313.15,0.9,8.432546e-01,2.013251e-06,0.000000e+00
0.0,313.15,0.95,9.353481e-01,5.475262e-07,0.000000e+00
0.0,318.15,0.05,2.886618e-09,9.082406e-01,0.000000e+00
0.0,318.15,0.1,3.549781e-08,7.419389e-01,0.000000e+00
0.0,318.15,0.15,3.534429e-07,5.342122e-01,0.000000e+00
0.0,318.15,0.2,3.236819e-06,3.338486e-01,0.000000e+00
0.0,318.15,0.25,2.676719e-05,1.807877e-01,0.000000e+00
0.0,318.15,0.3,1.869028e-04,8.655231e-02,0.000000e+00
0.0,318.15,0.35,1.029794e-03,3.810433e-02,0.000000e+00
0.0,318.15,0.4,4.331933e-03,1.611926e-02,0.000000e+00
0.0,318.15,0.45,1.403033e-02,6.774828e-03,0.000000e+00
0.0,318.15,0.5,3.618561e-02,2.879969e-03,0.000000e+00
0.0,318.15,0.55,7.739188e-02,1.245022e-03,0.000000e+00
0.0,318.15,0.6,1.424352e-01,5.462300e-04,0.000000e+00
0.0,318.15,0.65,2.324650e-01,2.417408e-04,0.000000e+00
0.0,318.15,0.7,3.443460e-01,1.070061e-04,0.000000e+00
0.0,318.15,0.75,4.711621e-01,4.685541e-05,0.000000e+00
0.0,318.15,0.8,6.035024e-01,1.998221e-05,0.000000e+00
0.0,318.15,0.85,7.310861e-01,8.086972e-06,0.000000e+00
0.0,318.15,0.9,8.443376e-01,2.940113e-06,0.000000e+00
0.0,318.15,0.95,9.356248e-01,8.093247e-07,0.000000e+00
0.0,323.15,0.05,5.634650e-09,9.095676e-01,0.000000e+00
0.0,323.15,0.1,6.505066e-08,7.468813e-01,0.000000e+00
0.0,323.15,0.15,6.025416e-07,5.433908e-01,0.000000e+00
0.0,323.15,0.2,5.088725e-06,3.454962e-01,0.000000e+00
0.0,323.15,0.25,3.860933e-05,1.918421e-01,0.000000e+00
0.0,323.15,0.3,2.478851e-04,9.481534e-02,0.000000e+00
0.0,323.15,0.35,1.268847e-03,4.324518e-02,0.000000e+00
0.0,323.15,0.4,5.033502e-03,1.894697e-02,0.000000e+00
0.0,323.15,0.45,1.560530e-02,8.223750e-03,0.000000e+00
0.0,323.15,0.5,3.899888e-02,3.596618e-03,0.000000e+00
0.0,323.15,0.55,8.155170e-02,1.593859e-03,0.000000e+00
0.0,323.15,0.6,1.476891e-01,7.146503e-04,0.000000e+00
0.0,323.15,0.65,2.382535e-01,3.224446e-04,0.000000e+00
0.0,323.15,0.7,3.499693e-01,1.452322e-04,0.000000e+00
0.0,323.15,0.75,4.759791e-01,6.460884e-05,0.000000e+00
0.0,323.15,0.8,6.070899e-01,2.795786e-05,0.000000e+00
0.0,323.15,0.85,7.333204e-01,1.146861e-05,0.000000e+00
0.0,323.15,0.9,8.453907e-01,4.222304e-06,0.000000e+00
0.0,323.15,0.95,9.358937e-01,1.176003e-06,0.000000e+00
0.0,328.15,0.05,1.065798e-08,9.108478e-01,0.000000e+00
0.0,328.15,0.1,1.157847e-07,7.516715e-01,0.000000e+00
0.0,328.15,0.15,1.000596e-06,5.523605e-01,0.000000e+00
0.0,328.15,0.2,7.821578e-06,3.570332e-01,0.000000e+00
0.0,328.15,0.25,5.468924e-05,2.030152e-01,0.000000e+00
0.0,328.15,0.3,3.243817e-04,1.033974e-01,0.000000e+00
0.0,328.15,0.35,1.549060e-03,4.875888e-02,0.000000e+00
0.0,328.15,0.4,5.813496e-03,2.208329e-02,0.000000e+00
0.0,328.15,0.45,1.728939e-02,9.883064e-03,0.000000e+00
0.0,328.15,0.5,4.192387e-02,4.441407e-03,0.000000e+00
0.0,328.15,0.55,8.579051e-02,2.015718e-03,0.000000e+00
0.0,328.15,0.6,1.529655e-01,9.229715e-04,0.000000e+00
0.0,328.15,0.65,2.440059e-01,4.242896e-04,0.000000e+00
0.0,328.15,0.7,3.555154e-01,1.943494e-04,0.000000e+00
0.0,328.15,0.75,4.807043e-01,8.779754e-05,0.000000e+00
0.0,328.15,0.8,6.105961e-01,3.853326e-05,0.000000e+00
0.0,328.15,0.85,7.354990e-01,1.601540e-05,0.000000e+00
0.0,328.15,0.9,8.464163e-01,5.968751e-06,0.000000e+00
0.0,328.15,0.95,9.361555e-01,1.681523e-06,0.000000e+00
0.0,333.15,0.05,1.956982e-08,9.120842e-01,0.000000e+00
0.0,333.15,0.1,2.005022e-07,7.563163e-01,0.000000e+00
0.0,333.15,0.15,1.621047e-06,5.611242e-01,0.000000e+00
0.0,333.15,0.2,1.176952e-05,3.684480e-01,0.000000e+00
0.0,333.15,0.25,7.615687e-05,2.142818e-01,0.000000e+00
0.0,333.15,0.3,4.191613e-04,1.122750e-01,0.000000e+00
0.0,333.15,0.35,1.874802e-03,5.463756e-02,0.000000e+00
0.0,333.15,0.4,6.676120e-03,2.553515e-02,0.000000e+00
0.0,333.15,0.45,1.908442e-02,1.176584e-02,0.000000e+00
0.0,333.15,0.5,4.495957e-02,5.426914e-03,0.000000e+00
0.0,333.15,0.55,9.010615e-02,2.520130e-03,0.000000e+00
0.0,333.15,0.6,1.582635e-01,1.177558e-03,0.000000e+00
0.0,333.15,0.65,2.497240e-01,5.511995e-04,0.000000e+00
0.0,333.15,0.7,3.609886e-01,2.566373e-04,0.000000e+00
0.0,333.15,0.75,4.853437e-01,1.176775e-04,0.000000e+00
0.0,333.15,0.8,6.140265e-01,5.236174e-05,0.000000e+00
0.0,333.15,0.85,7.376258e-01,2.204212e-05,0.000000e+00
0.0,333.15,0.9,8.474163e-01,8.313094e-06,0.000000e+00
0.0,333.15,0.95,9.364106e-01,2.368166e-06,0.000000e+00
0.0,338.15,0.05,3.493976e-08,9.132792e-01,0.000000e+00
0.0,338.15,0.1,3.383174e-07,7.608218e-01,0.000000e+00
0.0,338.15,0.15,2.565738e-06,5.696846e-01,0.000000e+00
0.0,338.15,0.2,1.735985e-05,3.797294e-01,0.000000e+00
0.0,338.15,0.25,1.043661e-04,2.256163e-01,0.000000e+00
0.0,338.15,0.3,5.352408e-04,1.214233e-01,0.000000e+00
0.0,338.15,0.35,2.250508e-03,6.087073e-02,0.000000e+00
0.0,338.15,0.4,7.625355e-03,2.930686e-02,0.000000e+00
0.0,338.15,0.45,2.099189e-02,1.388369e-02,0.000000e+00
0.0,338.15,0.5,4.810473e-02,6.565349e-03,0.000000e+00
0.0,338.15,0.55,9.449639e-02,3.116836e-03,0.000000e+00
0.0,338.15,0.6,1.635821e-01,1.485166e-03,0.000000e+00
0.0,338.15,0.65,2.554095e-01,7.074683e-04,0.000000e+00
0.0,338.15,0.7,3.663930e-01,3.346553e-04,0.000000e+00
0.0,338.15,0.75,4.899022e-01,1.556903e-04,0.000000e+00
0.0,338.15,0.8,6.173859e-01,7.020774e-05,0.000000e+00
0.0,338.15,0.85,7.397040e-01,2.992363e-05,0.000000e+00
0.0,338.15,0.9,8.483925e-01,1.141704e-05,0.000000e+00
0.0,338.15,0.95,9.366596e-01,3.287847e-06,0.000000e+00
0.0,343.15,0.05,6.074926e-08,9.144349e-01,0.000000e+00
0.0,343.15,0.1,5.570440e-07,7.651934e-01,0.000000e+00
0.0,343.15,0.15,3.972666e-06,5.780438e-01,0.000000e+00
0.0,343.15,0.2,2.512826e-05,3.908669e-01,0.000000e+00
0.0,343.15,0.25,1.408848e-04,2.369947e-01,0.000000e+00
0.0,343.15,0.3,6.758634e-04,1.308168e-01,0.000000e+00
0.0,343.15,0.35,2.680650e-03,6.744525e-02,0.000000e+00
0.0,343.15,0.4,8.664941e-03,3.340009e-02,0.000000e+00
0.0,343.15,0.45,2.301293e-02,1.624660e-02,0.000000e+00
0.0,343.15,0.5,5.135786e-02,7.868346e-03,0.000000e+00
0.0,343.15,0.55,9.895880e-02,3.815651e-03,0.000000e+00
0.0,343.15,0.6,1.689202e-01,1.852873e-03,0.000000e+00
0.0,343.15,0.65,2.610636e-01,8.977342e-04,0.000000e+00
0.0,343.15,0.7,3.717319e-01,4.312395e-04,0.000000e+00
0.0,343.15,0.75,4.943844e-01,2.034691e-04,0.000000e+00
0.0,343.15,0.8,6.206785e-01,9.295448e-05,0.000000e+00
0.0,343.15,0.85,7.417370e-01,4.010058e-05,0.000000e+00
0.0,343.15,0.9,8.493462e-01,1.547372e-05,0.000000e+00
0.0,343.15,0.95,9.369028e-01,4.503478e-06,0.000000e+00
0.0,348.15,0.05,1.030076e-07,9.155534e-01,0.000000e+00
0.0,348.15,0.1,8.961816e-07,7.694359e-01,0.000000e+00
0.0,348.15,0.15,6.024759e-06,5.862041e-01,0.000000e+00
0.0,348.15,0.2,3.573383e-05,4.018507e-01,0.000000e+00
0.0,348.15,0.25,1.875020e-04,2.483935e-01,0.000000e+00
0.0,348.15,0.3,8.444798e-04,1.404292e-01,0.000000e+00
0.0,348.15,0.35,3.169677e-03,7.434586e-02,0.000000e+00
0.0,348.15,0.4,9.798331e-03,3.781395e-02,0.000000e+00
0.0,348.15,0.45,2.514833e-02,1.886275e-02,0.000000e+00
0.0,348.15,0.5,5.471722e-02,9.346766e-03,0.000000e+00
0.0,348.15,0.55,1.034909e-01,4.626305e-03,0.000000e+00
0.0,348.15,0.6,1.742765e-01,2.287990e-03,0.000000e+00
0.0,348.15,0.65,2.666872e-01,1.126943e-03,0.000000e+00
0.0,348.15,0.7,3.770086e-01,5.494934e-04,0.000000e+00
0.0,348.15,0.75,4.987945e-01,2.628413e-04,0.000000e+00
0.0,348.15,0.8,6.239084e-01,1.216096e-04,0.000000e+00
0.0,348.15,0.85,7.437274e-01,5.308461e-05,0.000000e+00
0.0,348.15,0.9,8.502791e-01,2.071095e-05,0.000000e+00
0.0,348.15,0.95,9.371406e-01,6.090346e-06,0.000000e+00
0.0,353.15,0.05,1.705624e-07,9.166365e-01,0.000000e+00
0.0,353.15,0.1,1.410539e-06,7.735539e-01,0.000000e+00
0.0,353.15,0.15,8.959523e-06,5.941672e-01,0.000000e+00
0.0,353.15,0.2,4.997319e-05,4.126717e-01,0.000000e+00
0.0,353.15,0.25,2.462303e-04,2.597899e-01,0.000000e+00
0.0,353.15,0.3,1.044715e-03,1.502341e-01,0.000000e+00
0.0,353.15,0.35,3.721977e-03,8.155532e-02,0.000000e+00
0.0,353.15,0.4,1.102870e-02,4.254496e-02,0.000000e+00
0.0,353.15,0.45,2.739853e-02,2.173842e-02,0.000000e+00
0.0,353.15,0.5,5.818083e-02,1.101052e-02,0.000000e+00
0.0,353.15,0.55,1.080900e-01,5.558298e-03,0.000000e+00
0.0,353.15,0.6,1.796495e-01,2.797970e-03,0.000000e+00
0.0,353.15,0.65,2.722812e-01,1.400303e-03,0.000000e+00
0.0,353.15,0.7,3.822255e-01,6.927731e-04,0.000000e+00
0.0,353.15,0.75,5.031361e-01,3.358276e-04,0.000000e+00
0.0,353.15,0.8,6.270788e-01,1.573095e-04,0.000000e+00
0.0,353.15,0.85,7.456776e-01,6.946293e-05,0.000000e+00
0.0,353.15,0.9,8.511923e-01,2.739433e-05,0.000000e+00
0.0,353.15,0.95,9.373733e-01,8.137509e-06,0.000000e+00
0.0,358.15,0.05,2.761365e-07,9.176856e-01,0.000000e+00
0.0,358.15,0.1,2.174524e-06,7.775513e-01,0.000000e+00
0.0,358.15,0.15,1.307933e-05,6.019347e-01,0.000000e+00
0.0,358.15,0.2,6.879318e-05,4.233212e-01,0.000000e+00
0.0,358.15,0.25,3.193023e-04,2.711624e-01,0.000000e+00
0.0,358.15,0.3,1.280338e-03,1.602051e-01,0.000000e+00
0.0,358.15,0.35,4.341837e-03,8.905474e-02,0.000000e+00
0.0,358.15,0.4,1.235886e-02,4.758733e-02,0.000000e+00
0.0,358.15,0.45,2.976362e-02,2.487793e-02,0.000000e+00
0.0,358.15,0.5,6.174647e-02,1.286841e-02,0.000000e+00
0.0,358.15,0.55,1.127535e-01,6.620753e-03,0.000000e+00
0.0,358.15,0.6,1.850377e-01,3.390309e-03,0.000000e+00
0.0,358.15,0.65,2.778459e-01,1.723230e-03,0.000000e+00
0.0,358.15,0.7,3.873853e-01,8.646646e-04,0.000000e+00
0.0,358.15,0.75,5.074125e-01,4.246369e-04,0.000000e+00
0.0,358.15,0.8,6.301930e-01,2.013210e-04,0.000000e+00
0.0,358.15,0.85,7.475900e-01,8.990167e-05,0.000000e+00
0.0,358.15,0.9,8.520869e-01,3.583005e-05,0.000000e+00
0.0,358.15,0.95,9.376012e-01,1.074912e-05,0.000000e+00
0.0,363.15,0.05,4.376182e-07,9.187023e-01,0.000000e+00
0.0,363.15,0.1,3.287076e-06,7.814317e-01,0.000000e+00
0.0,363.15,0.15,1.876194e-05,6.095087e-01,0.000000e+00
0.0,363.15,0.2,9.330128e-05,4.337918e-01,0.000000e+00
0.0,363.15,0.25,4.091630e-04,2.824905e-01,0.000000e+00
0.0,363.15,0.3,1.555223e-03,1.703158e-01,0.000000e+00
0.0,363.15,0.35,5.033392e-03,9.682388e-02,0.000000e+00
0.0,363.15,0.4,1.379129e-02,5.293299e-02,0.000000e+00
0.0,363.15,0.45,3.224325e-02,2.828360e-02,0.000000e+00
0.0,363.15,0.5,6.541171e-02,1.492799e-02,0.000000e+00
0.0,363.15,0.55,1.174783e-01,7.822279e-03,0.000000e+00
0.0,363.15,0.6,1.904394e-01,4.072442e-03,0.000000e+00
0.0,363.15,0.65,2.833818e-01,2.101293e-03,0.000000e+00
0.0,363.15,0.7,3.924897e-01,1.068957e-03,0.000000e+00
0.0,363.15,0.75,5.116264e-01,5.316576e-04,0.000000e+00
0.0,363.15,0.8,6.332536e-01,2.550417e-04,0.000000e+00
0.0,363.15,0.85,7.494664e-01,1.151488e-04,0.000000e+00
0.0,363.15,0.9,8.529641e-01,4.636724e-05,0.000000e+00
0.0,363.15,0.95,9.378247e-01,1.404567e-05,0.000000e+00
0.0,368.15,0.05,6.796267e-07,9.196879e-01,0.000000e+00
0.0,368.15,0.1,4.877146e-06,7.851986e-01,0.000000e+00
0.0,368.15,0.15,2.647111e-05,6.168908e-01,0.000000e+00
0.0,368.15,0.2,1.247733e-04,4.440764e-01,0.000000e+00
0.0,368.15,0.25,5.184550e-04,2.937552e-01,0.000000e+00
0.0,368.15,0.3,1.873315e-03,1.805406e-01,0.000000e+00
0.0,368.15,0.35,5.800589e-03,1.048414e-01,0.000000e+00
0.0,368.15,0.4,1.532808e-02,5.857190e-02,0.000000e+00
0.0,368.15,0.45,3.483681e-02,3.195574e-02,0.000000e+00
0.0,368.15,0.5,6.917381e-02,1.719551e-02,0.000000e+00
0.0,368.15,0.55,1.222614e-01,9.170835e-03,0.000000e+00
0.0,368.15,0.6,1.958527e-01,4.851641e-03,0.000000e+00
0.0,368.15,0.65,2.888887e-01,2.540141e-03,0.000000e+00
0.0,368.15,0.7,3.975404e-01,1.309607e-03,0.000000e+00
0.0,368.15,0.75,5.157804e-01,6.594439e-04,0.000000e+00
0.0,368.15,0.8,6.362632e-01,3.199965e-04,0.000000e+00
0.0,368.15,0.85,7.513087e-01,1.460350e-04,0.000000e+00
0.0,368.15,0.9,8.538247e-01,5.940010e-05,0.000000e+00
0.0,368.15,0.95,9.380434e-01,1.816538e-05,0.000000e+00
0.0,373.15,0.05,1.035366e-06,9.206434e-01,0.000000e+00
0.0,373.15,0.1,7.109709e-06,7.888549e-01,0.000000e+00
0.0,373.15,0.15,3.676660e-05,6.240825e-01,0.000000e+00
0.0,373.15,0.2,1.646581e-04,4.541688e-01,0.000000e+00
0.0,373.15,0.25,6.500027e-04,3.049385e-01,0.000000e+00
0.0,373.15,0.3,2.238585e-03,1.908540e-01,0.000000e+00
0.0,373.15,0.35,6.647148e-03,1.130853e-01,0.000000e+00
0.0,373.15,0.4,1.697094e-02,6.449214e-02,0.000000e+00
0.0,373.15,0.45,3.754330e-02,3.589272e-02,0.000000e+00
0.0,373.15,0.5,7.302989e-02,1.967576e-02,0.000000e+00
0.0,373.15,0.55,1.270996e-01,1.067362e-02,0.000000e+00
0.0,373.15,0.6,2.012756e-01,5.734914e-03,0.000000e+00
0.0,373.15,0.65,2.943666e-01,3.045443e-03,0.000000e+00
0.0,373.15,0.7,4.025390e-01,1.590704e-03,0.000000e+00
0.0,373.15,0.75,5.198768e-01,8.106994e-04,0.000000e+00
0.0,373.15,0.8,6.392237e-01,3.978332e-04,0.000000e+00
0.0,373.15,0.85,7.531183e-01,1.834745e-04,0.000000e+00
0.0,373.15,0.9,8.546695e-01,7.536919e-05,0.000000e+00
0.0,373.15,0.95,9.382586e-01,2.326441e-05,0.000000e+00
0.0,378.15,0.05,1.548755e-06,9.215700e-01,0.000000e+00
0.0,378.15,0.1,1.019202e-05,7.924035e-01,0.000000e+00
0.0,378.15,0.15,5.031313e-05,6.310859e-01,0.000000e+00
0.0,378.15,0.2,2.145776e-04,4.640638e-01,0.000000e+00
0.0,378.15,0.25,8.067879e-04,3.160235e-01,0.000000e+00
0.0,378.15,0.3,2.654979e-03,2.012320e-01,0.000000e+00
0.0,378.15,0.35,7.576531e-03,1.215329e-01,0.000000e+00
0.0,378.15,0.4,1.872121e-02,7.068015e-02,0.000000e+00
0.0,378.15,0.45,4.036133e-02,4.009108e-02,0.000000e+00
0.0,378.15,0.5,7.697684e-02,2.237209e-02,0.000000e+00
0.0,378.15,0.55,1.319898e-01,1.233698e-02,0.000000e+00
0.0,378.15,0.6,2.067060e-01,6.728906e-03,0.000000e+00
0.0,378.15,0.65,2.998150e-01,3.622812e-03,0.000000e+00
0.0,378.15,0.7,4.074864e-01,1.916429e-03,0.000000e+00
0.0,378.15,0.75,5.239174e-01,9.882571e-04,0.000000e+00
0.0,378.15,0.8,6.421374e-01,4.903145e-04,0.000000e+00
0.0,378.15,0.85,7.548968e-01,2.284627e-04,0.000000e+00
0.0,378.15,0.9,8.554991e-01,9.476232e-05,0.000000e+00
0.0,378.15,0.95,9.384699e-01,2.951877e-05,0.000000e+00
0.0,383.15,0.05,2.276817e-06,9.224688e-01,0.000000e+00
0.0,383.15,0.1,1.438007e-05,7.958472e-01,0.000000e+00
0.0,383.15,0.15,6.788843e-05,6.379025e-01,0.000000e+00
0.0,383.15,0.2,2.763250e-04,4.737565e-01,0.000000e+00
0.0,383.15,0.25,9.919240e-04,3.269947e-01,0.000000e+00
0.0,383.15,0.3,3.126393e-03,2.116509e-01,0.000000e+00
0.0,383.15,0.35,8.591889e-03,1.301614e-01,0.000000e+00
0.0,383.15,0.4,2.057977e-02,7.712110e-02,0.000000e+00
0.0,383.15,0.45,4.328922e-02,4.454557e-02,0.000000e+00
0.0,383.15,0.5,8.101130e-02,2.528637e-02,0.000000e+00
0.0,383.15,0.55,1.369283e-01,1.416632e-02,0.000000e+00
0.0,383.15,0.6,2.121417e-01,7.839812e-03,0.000000e+00
0.0,383.15,0.65,3.052335e-01,4.277737e-03,0.000000e+00
0.0,383.15,0.7,4.123837e-01,2.291004e-03,0.000000e+00
0.0,383.15,0.75,5.279039e-01,1.195055e-03,0.000000e+00
0.0,383.15,0.8,6.450058e-01,5.993079e-04,0.000000e+00
0.0,383.15,0.85,7.566455e-01,2.820741e-04,0.000000e+00
0.0,383.15,0.9,8.563144e-01,1.181147e-04,0.000000e+00
0.0,383.15,0.95,9.386776e-01,3.712423e-05,0.000000e+00
0.0,388.15,0.05,3.292310e-06,9.233404e-01,0.000000e+00
0.0,388.15,0.1,1.998496e-05,7.991884e-01,0.000000e+00
0.0,388.15,0.15,9.038883e-05,6.445347e-01,0.000000e+00
0.0,388.15,0.2,3.518556e-04,4.832434e-01,0.000000e+00
0.0,388.15,0.25,1.208622e-03,3.378384e-01,0.000000e+00
0.0,388.15,0.3,3.656623e-03,2.220882e-01,0.000000e+00
0.0,388.15,0.35,9.696067e-03,1.389480e-01,0.000000e+00
0.0,388.15,0.4,2.254716e-02,8.379889e-02,0.000000e+00
0.0,388.15,0.45,4.632498e-02,4.924929e-02,0.000000e+00
0.0,388.15,0.5,8.512975e-02,2.841899e-02,0.000000e+00
0.0,388.15,0.55,1.419119e-01,1.616602e-02,0.000000e+00
0.0,388.15,0.6,2.175805e-01,9.073297e-03,0.000000e+00
0.0,388.15,0.65,3.106213e-01,5.015515e-03,0.000000e+00
0.0,388.15,0.7,4.172315e-01,2.718652e-03,0.000000e+00
0.0,388.15,0.75,5.318378e-01,1.434109e-03,0.000000e+00
0.0,388.15,0.8,6.478304e-01,7.267748e-04,0.000000e+00
0.0,388.15,0.85,7.583653e-01,3.454587e-04,0.000000e+00
0.0,388.15,0.9,8.571158e-01,1.460083e-04,0.000000e+00
0.0,388.15,0.95,9.388817e-01,4.629690e-05,0.000000e+00
0.0,393.15,0.05,4.686498e-06,9.241857e-01,0.000000e+00
0.0,393.15,0.1,2.737882e-05,8.024296e-01,0.000000e+00
0.0,393.15,0.15,1.188331e-04,6.509845e-01,0.000000e+00
0.0,393.15,0.2,4.432786e-04,4.925210e-01,0.000000e+00
0.0,393.15,0.25,1.460164e-03,3.485414e-01,0.000000e+00
0.0,393.15,0.3,4.249314e-03,2.325230e-01,0.000000e+00
0.0,393.15,0.35,1.089157e-02,1.478698e-01,0.000000e+00
0.0,393.15,0.4,2.462346e-02,9.069663e-02,0.000000e+00
0.0,393.15,0.45,4.946624e-02,5.419389e-02,0.000000e+00
0.0,393.15,0.5,8.932853e-02,3.176892e-02,0.000000e+00
0.0,393.15,0.55,1.469368e-01,1.833943e-02,0.000000e+00
0.0,393.15,0.6,2.230198e-01,1.043442e-02,0.000000e+00
0.0,393.15,0.65,3.159776e-01,5.841186e-03,0.000000e+00
0.0,393.15,0.7,4.220302e-01,3.203549e-03,0.000000e+00
0.0,393.15,0.75,5.357201e-01,1.708488e-03,0.000000e+00
0.0,393.15,0.8,6.506125e-01,8.747544e-04,0.000000e+00
0.0,393.15,0.85,7.600574e-01,4.198350e-04,0.000000e+00
0.0,393.15,0.9,8.579039e-01,1.790707e-04,0.000000e+00
0.0,393.15,0.95,9.390824e-01,5.727328e-05,0.000000e+00
0.0,398.15,0.05,6.572038e-06,9.250056e-01,0.000000e+00
0.0,398.15,0.1,3.700030e-05,8.055732e-01,0.000000e+00
0.0,398.15,0.15,1.543642e-04,6.572540e-01,0.000000e+00
0.0,398.15,0.2,5.528383e-04,5.015873e-01,0.000000e+00
0.0,398.15,0.25,1.749861e-03,3.590924e-01,0.000000e+00
0.0,398.15,0.3,4.907944e-03,2.429348e-01,0.000000e+00
0.0,398.15,0.35,1.218051e-02,1.569045e-01,0.000000e+00
0.0,398.15,0.4,2.680839e-02,9.779660e-02,0.000000e+00
0.0,398.15,0.45,5.271036e-02,5.936969e-02,0.000000e+00
0.0,398.15,0.5,9.360376e-02,3.533371e-02,0.000000e+00
0.0,398.15,0.55,1.519993e-01,2.068884e-02,0.000000e+00
0.0,398.15,0.6,2.284573e-01,1.192758e-02,0.000000e+00
0.0,398.15,0.65,3.213015e-01,6.759467e-03,0.000000e+00
0.0,398.15,0.7,4.267802e-01,3.749772e-03,0.000000e+00
0.0,398.15,0.75,5.395521e-01,2.021281e-03,0.000000e+00
0.0,398.15,0.8,6.533534e-01,1.045348e-03,0.000000e+00
0.0,398.15,0.85,7.617224e-01,5.064849e-04,0.000000e+00
0.0,398.15,0.9,8.586783e-01,2.179748e-04,0.000000e+00
0.0,398.15,0.95,9.392799e-01,7.031016e-05,0.000000e+00
