hba_name,hba_file,hbd_name,hbd_file
ethylene_glycol,/home/users/navy030303/software/cosmors_offline/openCOSMO-RS_conformer_pipeline/ethylene_glycol/COSMO_TZVPD/ethylene_glycol_c000.orcacosmo,citric_acid,/home/users/navy030303/software/cosmors_offline/openCOSMO-RS_conformer_pipeline/citric_acid/COSMO_TZVPD/citric_acid_c000.orcacosmo
ethylene_glycol,/home/users/navy030303/software/cosmors_offline/openCOSMO-RS_conformer_pipeline/ethylene_glycol/COSMO_TZVPD/ethylene_glycol_c000.orcacosmo,diethylene_glycol,/home/users/navy030303/software/cosmors_offline/openCOSMO-RS_conformer_pipeline/diethylene_glycol/COSMO_TZVPD/diethylene_glycol_c000.orcacosmo
ethylene_glycol,/home/users/navy030303/software/cosmors_offline/openCOSMO-RS_conformer_pipeline/ethylene_glycol/COSMO_TZVPD/ethylene_glycol_c000.orcacosmo,glycerol,/home/users/navy030303/software/cosmors_offline/openCOSMO-RS_conformer_pipeline/glycerol/COSMO_TZVPD/glycerol_c000.orcacosmo
ethylene_glycol,/home/users/navy030303/software/cosmors_offline/openCOSMO-RS_conformer_pipeline/ethylene_glycol/COSMO_TZVPD/ethylene_glycol_c000.orcacosmo,decanoic_acid,/home/users/navy030303/software/cosmors_offline/openCOSMO-RS_conformer_pipeline/decanoic_acid/COSMO_TZVPD/decanoic_acid_c000.orcacosmo
ethylene_glycol,/home/users/navy030303/software/cosmors_offline/openCOSMO-RS_conformer_pipeline/ethylene_glycol/COSMO_TZVPD/ethylene_glycol_c000.orcacosmo,cinnamic_acid,/home/users/navy030303/software/cosmors_offline/openCOSMO-RS_conformer_pipeline/cinnamic_acid/COSMO_TZVPD/cinnamic_acid_c000.orcacosmo
ethylene_glycol,/home/users/navy030303/software/cosmors_offline/openCOSMO-RS_conformer_pipeline/ethylene_glycol/COSMO_TZVPD/ethylene_glycol_c000.orcacosmo,urea,/home/users/navy030303/software/cosmors_offline/openCOSMO-RS_conformer_pipeline/urea/COSMO_TZVPD/urea_c000.orcacosmo
ethylene_glycol,/home/users/navy030303/software/cosmors_offline/openCOSMO-RS_conformer_pipeline/ethylene_glycol/COSMO_TZVPD/ethylene_glycol_c000.orcacosmo,menthol,/home/users/navy030303/software/cosmors_offline/openCOSMO-RS_conformer_pipeline/menthol/COSMO_TZVPD/menthol_c000.orcacosmo
ethylene_glycol,/home/users/navy030303/software/cosmors_offline/openCOSMO-RS_conformer_pipeline/ethylene_glycol/COSMO_TZVPD/ethylene_glycol_c000.orcacosmo,boric_acid,/home/users/navy030303/software/cosmors_offline/openCOSMO-RS_conformer_pipeline/boric_acid/COSMO_TZVPD/boric_acid_c000.orcacosmo
ethylene_glycol,/home/users/navy030303/software/cosmors_offline/openCOSMO-RS_conformer_pipeline/ethylene_glycol/COSMO_TZVPD/ethylene_glycol_c000.orcacosmo,imidazole,/home/users/navy030303/software/cosmors_offline/openCOSMO-RS_conformer_pipeline/imidazole/COSMO_TZVPD/imidazole_c000.orcacosmo
ethylene_glycol,/home/users/navy030303/software/cosmors_offline/openCOSMO-RS_conformer_pipeline/ethylene_glycol/COSMO_TZVPD/ethylene_glycol_c000.orcacosmo,cyclohexanol,/home/users/navy030303/software/cosmors_offline/openCOSMO-RS_conformer_pipeline/cyclohexanol/COSMO_TZVPD/cyclohexanol_c000.orcacosmo
ethylene_glycol,/home/users/navy030303/software/cosmors_offline/openCOSMO-RS_conformer_pipeline/ethylene_glycol/COSMO_TZVPD/ethylene_glycol_c000.orcacosmo,ascorbic_acid,/home/users/navy030303/software/cosmors_offline/openCOSMO-RS_conformer_pipeline/ascorbic_acid/COSMO_TZVPD/ascorbic_acid_c000.orcacosmo
ethylene_glycol,/home/users/navy030303/software/cosmors_offline/openCOSMO-RS_conformer_pipeline/ethylene_glycol/COSMO_TZVPD/ethylene_glycol_c000.orcacosmo,lactic_acid,/home/users/navy030303/software/cosmors_offline/openCOSMO-RS_conformer_pipeline/lactic_acid/COSMO_TZVPD/lactic_acid_c000.orcacosmo
ethylene_glycol,/home/users/navy030303/software/cosmors_offline/openCOSMO-RS_conformer_pipeline/ethylene_glycol/COSMO_TZVPD/ethylene_glycol_c000.orcacosmo,malonic_acid,/home/users/navy030303/software/cosmors_offline/openCOSMO-RS_conformer_pipeline/malonic_acid/COSMO_TZVPD/malonic_acid_c000.orcacosmo
ethylene_glycol,/home/users/navy030303/software/cosmors_offline/openCOSMO-RS_conformer_pipeline/ethylene_glycol/COSMO_TZVPD/ethylene_glycol_c000.orcacosmo,oxalic_acid,/home/users/navy030303/software/cosmors_offline/openCOSMO-RS_conformer_pipeline/oxalic_acid/COSMO_TZVPD/oxalic_acid_c000.orcacosmo
ethylene_glycol,/home/users/navy030303/software/cosmors_offline/openCOSMO-RS_conformer_pipeline/ethylene_glycol/COSMO_TZVPD/ethylene_glycol_c000.orcacosmo,malic_acid,/home/users/navy030303/software/cosmors_offline/openCOSMO-RS_conformer_pipeline/malic_acid/COSMO_TZVPD/malic_acid_c000.orcacosmo
ethylene_glycol,/home/users/navy030303/software/cosmors_offline/openCOSMO-RS_conformer_pipeline/ethylene_glycol/COSMO_TZVPD/ethylene_glycol_c000.orcacosmo,tartaric_acid,/home/users/navy030303/software/cosmors_offline/openCOSMO-RS_conformer_pipeline/tartaric_acid/COSMO_TZVPD/tartaric_acid_c000.orcacosmo
ethylene_glycol,/home/users/navy030303/software/cosmors_offline/openCOSMO-RS_conformer_pipeline/ethylene_glycol/COSMO_TZVPD/ethylene_glycol_c000.orcacosmo,glycine,/home/users/navy030303/software/cosmors_offline/openCOSMO-RS_conformer_pipeline/glycine/COSMO_TZVPD/glycine_c000.orcacosmo
ethylene_glycol,/home/users/navy030303/software/cosmors_offline/openCOSMO-RS_conformer_pipeline/ethylene_glycol/COSMO_TZVPD/ethylene_glycol_c000.orcacosmo,d_glucose,/home/users/navy030303/software/cosmors_offline/openCOSMO-RS_conformer_pipeline/d_glucose/COSMO_TZVPD/d_glucose_c000.orcacosmo
ethylene_glycol,/home/users/navy030303/software/cosmors_offline/openCOSMO-RS_conformer_pipeline/ethylene_glycol/COSMO_TZVPD/ethylene_glycol_c000.orcacosmo,d_fructose,/home/users/navy030303/software/cosmors_offline/openCOSMO-RS_conformer_pipeline/d_fructose/COSMO_TZVPD/d_fructose_c000.orcacosmo
ethylene_glycol,/home/users/navy030303/software/cosmors_offline/openCOSMO-RS_conformer_pipeline/ethylene_glycol/COSMO_TZVPD/ethylene_glycol_c000.orcacosmo,sorbitol,/home/users/navy030303/software/cosmors_offline/openCOSMO-RS_conformer_pipeline/sorbitol/COSMO_TZVPD/sorbitol_c000.orcacosmo
ethylene_glycol,/home/users/navy030303/software/cosmors_offline/openCOSMO-RS_conformer_pipeline/ethylene_glycol/COSMO_TZVPD/ethylene_glycol_c000.orcacosmo,trifluoroacetamide,/home/users/navy030303/software/cosmors_offline/openCOSMO-RS_conformer_pipeline/trifluoroacetamide/COSMO_TZVPD/trifluoroacetamide_c000.orcacosmo
citric_acid,/home/users/navy030303/software/cosmors_offline/openCOSMO-RS_conformer_pipeline/citric_acid/COSMO_TZVPD/citric_acid_c000.orcacosmo,diethylene_glycol,/home/users/navy030303/software/cosmors_offline/openCOSMO-RS_conformer_pipeline/diethylene_glycol/COSMO_TZVPD/diethylene_glycol_c000.orcacosmo
citric_acid,/home/users/navy030303/software/cosmors_offline/openCOSMO-RS_conformer_pipeline/citric_acid/COSMO_TZVPD/citric_acid_c000.orcacosmo,glycerol,/home/users/navy030303/software/cosmors_offline/openCOSMO-RS_conformer_pipeline/glycerol/COSMO_TZVPD/glycerol_c000.orcacosmo
citric_acid,/home/users/navy030303/software/cosmors_offline/openCOSMO-RS_conformer_pipeline/citric_acid/COSMO_TZVPD/citric_acid_c000.orcacosmo,decanoic_acid,/home/users/navy030303/software/cosmors_offline/openCOSMO-RS_conformer_pipeline/decanoic_acid/COSMO_TZVPD/decanoic_acid_c000.orcacosmo
citric_acid,/home/users/navy030303/software/cosmors_offline/openCOSMO-RS_conformer_pipeline/citric_acid/COSMO_TZVPD/citric_acid_c000.orcacosmo,cinnamic_acid,/home/users/navy030303/software/cosmors_offline/openCOSMO-RS_conformer_pipeline/cinnamic_acid/COSMO_TZVPD/cinnamic_acid_c000.orcacosmo
citric_acid,/home/users/navy030303/software/cosmors_offline/openCOSMO-RS_conformer_pipeline/citric_acid/COSMO_TZVPD/citric_acid_c000.orcacosmo,urea,/home/users/navy030303/software/cosmors_offline/openCOSMO-RS_conformer_pipeline/urea/COSMO_TZVPD/urea_c000.orcacosmo
citric_acid,/home/users/navy030303/software/cosmors_offline/openCOSMO-RS_conformer_pipeline/citric_acid/COSMO_TZVPD/citric_acid_c000.orcacosmo,menthol,/home/users/navy030303/software/cosmors_offline/openCOSMO-RS_conformer_pipeline/menthol/COSMO_TZVPD/menthol_c000.orcacosmo
citric_acid,/home/users/navy030303/software/cosmors_offline/openCOSMO-RS_conformer_pipeline/citric_acid/COSMO_TZVPD/citric_acid_c000.orcacosmo,boric_acid,/home/users/navy030303/software/cosmors_offline/openCOSMO-RS_conformer_pipeline/boric_acid/COSMO_TZVPD/boric_acid_c000.orcacosmo
citric_acid,/home/users/navy030303/software/cosmors_offline/openCOSMO-RS_conformer_pipeline/citric_acid/COSMO_TZVPD/citric_acid_c000.orcacosmo,imidazole,/home/users/navy030303/software/cosmors_offline/openCOSMO-RS_conformer_pipeline/imidazole/COSMO_TZVPD/imidazole_c000.orcacosmo
citric_acid,/home/users/navy030303/software/cosmors_offline/openCOSMO-RS_conformer_pipeline/citric_acid/COSMO_TZVPD/citric_acid_c000.orcacosmo,cyclohexanol,/home/users/navy030303/software/cosmors_offline/openCOSMO-RS_conformer_pipeline/cyclohexanol/COSMO_TZVPD/cyclohexanol_c000.orcacosmo
citric_acid,/home/users/navy030303/software/cosmors_offline/openCOSMO-RS_conformer_pipeline/citric_acid/COSMO_TZVPD/citric_acid_c000.orcacosmo,ascorbic_acid,/home/users/navy030303/software/cosmors_offline/openCOSMO-RS_conformer_pipeline/ascorbic_acid/COSMO_TZVPD/ascorbic_acid_c000.orcacosmo
citric_acid,/home/users/navy030303/software/cosmors_offline/openCOSMO-RS_conformer_pipeline/citric_acid/COSMO_TZVPD/citric_acid_c000.orcacosmo,lactic_acid,/home/users/navy030303/software/cosmors_offline/openCOSMO-RS_conformer_pipeline/lactic_acid/COSMO_TZVPD/lactic_acid_c000.orcacosmo
citric_acid,/home/users/navy030303/software/cosmors_offline/openCOSMO-RS_conformer_pipeline/citric_acid/COSMO_TZVPD/citric_acid_c000.orcacosmo,malonic_acid,/home/users/navy030303/software/cosmors_offline/openCOSMO-RS_conformer_pipeline/malonic_acid/COSMO_TZVPD/malonic_acid_c000.orcacosmo
citric_acid,/home/users/navy030303/software/cosmors_offline/openCOSMO-RS_conformer_pipeline/citric_acid/COSMO_TZVPD/citric_acid_c000.orcacosmo,oxalic_acid,/home/users/navy030303/software/cosmors_offline/openCOSMO-RS_conformer_pipeline/oxalic_acid/COSMO_TZVPD/oxalic_acid_c000.orcacosmo
citric_acid,/home/users/navy030303/software/cosmors_offline/openCOSMO-RS_conformer_pipeline/citric_acid/COSMO_TZVPD/citric_acid_c000.orcacosmo,malic_acid,/home/users/navy030303/software/cosmors_offline/openCOSMO-RS_conformer_pipeline/malic_acid/COSMO_TZVPD/malic_acid_c000.orcacosmo
citric_acid,/home/users/navy030303/software/cosmors_offline/openCOSMO-RS_conformer_pipeline/citric_acid/COSMO_TZVPD/citric_acid_c000.orcacosmo,tartaric_acid,/home/users/navy030303/software/cosmors_offline/openCOSMO-RS_conformer_pipeline/tartaric_acid/COSMO_TZVPD/tartaric_acid_c000.orcacosmo
citric_acid,/home/users/navy030303/software/cosmors_offline/openCOSMO-RS_conformer_pipeline/citric_acid/COSMO_TZVPD/citric_acid_c000.orcacosmo,glycine,/home/users/navy030303/software/cosmors_offline/openCOSMO-RS_conformer_pipeline/glycine/COSMO_TZVPD/glycine_c000.orcacosmo
citric_acid,/home/users/navy030303/software/cosmors_offline/openCOSMO-RS_conformer_pipeline/citric_acid/COSMO_TZVPD/citric_acid_c000.orcacosmo,d_glucose,/home/users/navy030303/software/cosmors_offline/openCOSMO-RS_conformer_pipeline/d_glucose/COSMO_TZVPD/d_glucose_c000.orcacosmo
citric_acid,/home/users/navy030303/software/cosmors_offline/openCOSMO-RS_conformer_pipeline/citric_acid/COSMO_TZVPD/citric_acid_c000.orcacosmo,d_fructose,/home/users/navy030303/software/cosmors_offline/openCOSMO-RS_conformer_pipeline/d_fructose/COSMO_TZVPD/d_fructose_c000.orcacosmo
citric_acid,/home/users/navy030303/software/cosmors_offline/openCOSMO-RS_conformer_pipeline/citric_acid/COSMO_TZVPD/citric_acid_c000.orcacosmo,sorbitol,/home/users/navy030303/software/cosmors_offline/openCOSMO-RS_conformer_pipeline/sorbitol/COSMO_TZVPD/sorbitol_c000.orcacosmo
citric_acid,/home/users/navy030303/software/cosmors_offline/openCOSMO-RS_conformer_pipeline/citric_acid/COSMO_TZVPD/citric_acid_c000.orcacosmo,trifluoroacetamide,/home/users/navy030303/software/cosmors_offline/openCOSMO-RS_conformer_pipeline/trifluoroacetamide/COSMO_TZVPD/trifluoroacetamide_c000.orcacosmo
diethylene_glycol,/home/users/navy030303/software/cosmors_offline/openCOSMO-RS_conformer_pipeline/diethylene_glycol/COSMO_TZVPD/diethylene_glycol_c000.orcacosmo,glycerol,/home/users/navy030303/software/cosmors_offline/openCOSMO-RS_conformer_pipeline/glycerol/COSMO_TZVPD/glycerol_c000.orcacosmo
diethylene_glycol,/home/users/navy030303/software/cosmors_offline/openCOSMO-RS_conformer_pipeline/diethylene_glycol/COSMO_TZVPD/diethylene_glycol_c000.orcacosmo,decanoic_acid,/home/users/navy030303/software/cosmors_offline/openCOSMO-RS_conformer_pipeline/decanoic_acid/COSMO_TZVPD/decanoic_acid_c000.orcacosmo
diethylene_glycol,/home/users/navy030303/software/cosmors_offline/openCOSMO-RS_conformer_pipeline/diethylene_glycol/COSMO_TZVPD/diethylene_glycol_c000.orcacosmo,cinnamic_acid,/home/users/navy030303/software/cosmors_offline/openCOSMO-RS_conformer_pipeline/cinnamic_acid/COSMO_TZVPD/cinnamic_acid_c000.orcacosmo
diethylene_glycol,/home/users/navy030303/software/cosmors_offline/openCOSMO-RS_conformer_pipeline/diethylene_glycol/COSMO_TZVPD/diethylene_glycol_c000.orcacosmo,urea,/home/users/navy030303/software/cosmors_offline/openCOSMO-RS_conformer_pipeline/urea/COSMO_TZVPD/urea_c000.orcacosmo
diethylene_glycol,/home/users/navy030303/software/cosmors_offline/openCOSMO-RS_conformer_pipeline/diethylene_glycol/COSMO_TZVPD/diethylene_glycol_c000.orcacosmo,menthol,/home/users/navy030303/software/cosmors_offline/openCOSMO-RS_conformer_pipeline/menthol/COSMO_TZVPD/menthol_c000.orcacosmo
diethylene_glycol,/home/users/navy030303/software/cosmors_offline/openCOSMO-RS_conformer_pipeline/diethylene_glycol/COSMO_TZVPD/diethylene_glycol_c000.orcacosmo,boric_acid,/home/users/navy030303/software/cosmors_offline/openCOSMO-RS_conformer_pipeline/boric_acid/COSMO_TZVPD/boric_acid_c000.orcacosmo
diethylene_glycol,/home/users/navy030303/software/cosmors_offline/openCOSMO-RS_conformer_pipeline/diethylene_glycol/COSMO_TZVPD/diethylene_glycol_c000.orcacosmo,imidazole,/home/users/navy030303/software/cosmors_offline/openCOSMO-RS_conformer_pipeline/imidazole/COSMO_TZVPD/imidazole_c000.orcacosmo
diethylene_glycol,/home/users/navy030303/software/cosmors_offline/openCOSMO-RS_conformer_pipeline/diethylene_glycol/COSMO_TZVPD/diethylene_glycol_c000.orcacosmo,cyclohexanol,/home/users/navy030303/software/cosmors_offline/openCOSMO-RS_conformer_pipeline/cyclohexanol/COSMO_TZVPD/cyclohexanol_c000.orcacosmo
diethylene_glycol,/home/users/navy030303/software/cosmors_offline/openCOSMO-RS_conformer_pipeline/diethylene_glycol/COSMO_TZVPD/diethylene_glycol_c000.orcacosmo,ascorbic_acid,/home/users/navy030303/software/cosmors_offline/openCOSMO-RS_conformer_pipeline/ascorbic_acid/COSMO_TZVPD/ascorbic_acid_c000.orcacosmo
diethylene_glycol,/home/users/navy030303/software/cosmors_offline/openCOSMO-RS_conformer_pipeline/diethylene_glycol/COSMO_TZVPD/diethylene_glycol_c000.orcacosmo,lactic_acid,/home/users/navy030303/software/cosmors_offline/openCOSMO-RS_conformer_pipeline/lactic_acid/COSMO_TZVPD/lactic_acid_c000.orcacosmo
diethylene_glycol,/home/users/navy030303/software/cosmors_offline/openCOSMO-RS_conformer_pipeline/diethylene_glycol/COSMO_TZVPD/diethylene_glycol_c000.orcacosmo,malonic_acid,/home/users/navy030303/software/cosmors_offline/openCOSMO-RS_conformer_pipeline/malonic_acid/COSMO_TZVPD/malonic_acid_c000.orcacosmo
diethylene_glycol,/home/users/navy030303/software/cosmors_offline/openCOSMO-RS_conformer_pipeline/diethylene_glycol/COSMO_TZVPD/diethylene_glycol_c000.orcacosmo,oxalic_acid,/home/users/navy030303/software/cosmors_offline/openCOSMO-RS_conformer_pipeline/oxalic_acid/COSMO_TZVPD/oxalic_acid_c000.orcacosmo
diethylene_glycol,/home/users/navy030303/software/cosmors_offline/openCOSMO-RS_conformer_pipeline/diethylene_glycol/COSMO_TZVPD/diethylene_glycol_c000.orcacosmo,malic_acid,/home/users/navy030303/software/cosmors_offline/openCOSMO-RS_conformer_pipeline/malic_acid/COSMO_TZVPD/malic_acid_c000.orcacosmo
diethylene_glycol,/home/users/navy030303/software/cosmors_offline/openCOSMO-RS_conformer_pipeline/diethylene_glycol/COSMO_TZVPD/diethylene_glycol_c000.orcacosmo,tartaric_acid,/home/users/navy030303/software/cosmors_offline/openCOSMO-RS_conformer_pipeline/tartaric_acid/COSMO_TZVPD/tartaric_acid_c000.orcacosmo
diethylene_glycol,/home/users/navy030303/software/cosmors_offline/openCOSMO-RS_conformer_pipeline/diethylene_glycol/COSMO_TZVPD/diethylene_glycol_c000.orcacosmo,glycine,/home/users/navy030303/software/cosmors_offline/openCOSMO-RS_conformer_pipeline/glycine/COSMO_TZVPD/glycine_c000.orcacosmo
diethylene_glycol,/home/users/navy030303/software/cosmors_offline/openCOSMO-RS_conformer_pipeline/diethylene_glycol/COSMO_TZVPD/diethylene_glycol_c000.orcacosmo,d_glucose,/home/users/navy030303/software/cosmors_offline/openCOSMO-RS_conformer_pipeline/d_glucose/COSMO_TZVPD/d_glucose_c000.orcacosmo
diethylene_glycol,/home/users/navy030303/software/cosmors_offline/openCOSMO-RS_conformer_pipeline/diethylene_glycol/COSMO_TZVPD/diethylene_glycol_c000.orcacosmo,d_fructose,/home/users/navy030303/software/cosmors_offline/openCOSMO-RS_conformer_pipeline/d_fructose/COSMO_TZVPD/d_fructose_c000.orcacosmo
diethylene_glycol,/home/users/navy030303/software/cosmors_offline/openCOSMO-RS_conformer_pipeline/diethylene_glycol/COSMO_TZVPD/diethylene_glycol_c000.orcacosmo,sorbitol,/home/users/navy030303/software/cosmors_offline/openCOSMO-RS_conformer_pipeline/sorbitol/COSMO_TZVPD/sorbitol_c000.orcacosmo
diethylene_glycol,/home/users/navy030303/software/cosmors_offline/openCOSMO-RS_conformer_pipeline/diethylene_glycol/COSMO_TZVPD/diethylene_glycol_c000.orcacosmo,trifluoroacetamide,/home/users/navy030303/software/cosmors_offline/openCOSMO-RS_conformer_pipeline/trifluoroacetamide/COSMO_TZVPD/trifluoroacetamide_c000.orcacosmo
glycerol,/home/users/navy030303/software/cosmors_offline/openCOSMO-RS_conformer_pipeline/glycerol/COSMO_TZVPD/glycerol_c000.orcacosmo,decanoic_acid,/home/users/navy030303/software/cosmors_offline/openCOSMO-RS_conformer_pipeline/decanoic_acid/COSMO_TZVPD/decanoic_acid_c000.orcacosmo
glycerol,/home/users/navy030303/software/cosmors_offline/openCOSMO-RS_conformer_pipeline/glycerol/COSMO_TZVPD/glycerol_c000.orcacosmo,cinnamic_acid,/home/users/navy030303/software/cosmors_offline/openCOSMO-RS_conformer_pipeline/cinnamic_acid/COSMO_TZVPD/cinnamic_acid_c000.orcacosmo
glycerol,/home/users/navy030303/software/cosmors_offline/openCOSMO-RS_conformer_pipeline/glycerol/COSMO_TZVPD/glycerol_c000.orcacosmo,urea,/home/users/navy030303/software/cosmors_offline/openCOSMO-RS_conformer_pipeline/urea/COSMO_TZVPD/urea_c000.orcacosmo
glycerol,/home/users/navy030303/software/cosmors_offline/openCOSMO-RS_conformer_pipeline/glycerol/COSMO_TZVPD/glycerol_c000.orcacosmo,menthol,/home/users/navy030303/software/cosmors_offline/openCOSMO-RS_conformer_pipeline/menthol/COSMO_TZVPD/menthol_c000.orcacosmo
glycerol,/home/users/navy030303/software/cosmors_offline/openCOSMO-RS_conformer_pipeline/glycerol/COSMO_TZVPD/glycerol_c000.orcacosmo,boric_acid,/home/users/navy030303/software/cosmors_offline/openCOSMO-RS_conformer_pipeline/boric_acid/COSMO_TZVPD/boric_acid_c000.orcacosmo
glycerol,/home/users/navy030303/software/cosmors_offline/openCOSMO-RS_conformer_pipeline/glycerol/COSMO_TZVPD/glycerol_c000.orcacosmo,imidazole,/home/users/navy030303/software/cosmors_offline/openCOSMO-RS_conformer_pipeline/imidazole/COSMO_TZVPD/imidazole_c000.orcacosmo
glycerol,/home/users/navy030303/software/cosmors_offline/openCOSMO-RS_conformer_pipeline/glycerol/COSMO_TZVPD/glycerol_c000.orcacosmo,cyclohexanol,/home/users/navy030303/software/cosmors_offline/openCOSMO-RS_conformer_pipeline/cyclohexanol/COSMO_TZVPD/cyclohexanol_c000.orcacosmo
glycerol,/home/users/navy030303/software/cosmors_offline/openCOSMO-RS_conformer_pipeline/glycerol/COSMO_TZVPD/glycerol_c000.orcacosmo,ascorbic_acid,/home/users/navy030303/software/cosmors_offline/openCOSMO-RS_conformer_pipeline/ascorbic_acid/COSMO_TZVPD/ascorbic_acid_c000.orcacosmo
glycerol,/home/users/navy030303/software/cosmors_offline/openCOSMO-RS_conformer_pipeline/glycerol/COSMO_TZVPD/glycerol_c000.orcacosmo,lactic_acid,/home/users/navy030303/software/cosmors_offline/openCOSMO-RS_conformer_pipeline/lactic_acid/COSMO_TZVPD/lactic_acid_c000.orcacosmo
glycerol,/home/users/navy030303/software/cosmors_offline/openCOSMO-RS_conformer_pipeline/glycerol/COSMO_TZVPD/glycerol_c000.orcacosmo,malonic_acid,/home/users/navy030303/software/cosmors_offline/openCOSMO-RS_conformer_pipeline/malonic_acid/COSMO_TZVPD/malonic_acid_c000.orcacosmo
glycerol,/home/users/navy030303/software/cosmors_offline/openCOSMO-RS_conformer_pipeline/glycerol/COSMO_TZVPD/glycerol_c000.orcacosmo,oxalic_acid,/home/users/navy030303/software/cosmors_offline/openCOSMO-RS_conformer_pipeline/oxalic_acid/COSMO_TZVPD/oxalic_acid_c000.orcacosmo
glycerol,/home/users/navy030303/software/cosmors_offline/openCOSMO-RS_conformer_pipeline/glycerol/COSMO_TZVPD/glycerol_c000.orcacosmo,malic_acid,/home/users/navy030303/software/cosmors_offline/openCOSMO-RS_conformer_pipeline/malic_acid/COSMO_TZVPD/malic_acid_c000.orcacosmo
glycerol,/home/users/navy030303/software/cosmors_offline/openCOSMO-RS_conformer_pipeline/glycerol/COSMO_TZVPD/glycerol_c000.orcacosmo,tartaric_acid,/home/users/navy030303/software/cosmors_offline/openCOSMO-RS_conformer_pipeline/tartaric_acid/COSMO_TZVPD/tartaric_acid_c000.orcacosmo
glycerol,/home/users/navy030303/software/cosmors_offline/openCOSMO-RS_conformer_pipeline/glycerol/COSMO_TZVPD/glycerol_c000.orcacosmo,glycine,/home/users/navy030303/software/cosmors_offline/openCOSMO-RS_conformer_pipeline/glycine/COSMO_TZVPD/glycine_c000.orcacosmo
glycerol,/home/users/navy030303/software/cosmors_offline/openCOSMO-RS_conformer_pipeline/glycerol/COSMO_TZVPD/glycerol_c000.orcacosmo,d_glucose,/home/users/navy030303/software/cosmors_offline/openCOSMO-RS_conformer_pipeline/d_glucose/COSMO_TZVPD/d_glucose_c000.orcacosmo
glycerol,/home/users/navy030303/software/cosmors_offline/openCOSMO-RS_conformer_pipeline/glycerol/COSMO_TZVPD/glycerol_c000.orcacosmo,d_fructose,/home/users/navy030303/software/cosmors_offline/openCOSMO-RS_conformer_pipeline/d_fructose/COSMO_TZVPD/d_fructose_c000.orcacosmo
glycerol,/home/users/navy030303/software/cosmors_offline/openCOSMO-RS_conformer_pipeline/glycerol/COSMO_TZVPD/glycerol_c000.orcacosmo,sorbitol,/home/users/navy030303/software/cosmors_offline/openCOSMO-RS_conformer_pipeline/sorbitol/COSMO_TZVPD/sorbitol_c000.orcacosmo
glycerol,/home/users/navy030303/software/cosmors_offline/openCOSMO-RS_conformer_pipeline/glycerol/COSMO_TZVPD/glycerol_c000.orcacosmo,trifluoroacetamide,/home/users/navy030303/software/cosmors_offline/openCOSMO-RS_conformer_pipeline/trifluoroacetamide/COSMO_TZVPD/trifluoroacetamide_c000.orcacosmo
decanoic_acid,/home/users/navy030303/software/cosmors_offline/openCOSMO-RS_conformer_pipeline/decanoic_acid/COSMO_TZVPD/decanoic_acid_c000.orcacosmo,cinnamic_acid,/home/users/navy030303/software/cosmors_offline/openCOSMO-RS_conformer_pipeline/cinnamic_acid/COSMO_TZVPD/cinnamic_acid_c000.orcacosmo
decanoic_acid,/home/users/navy030303/software/cosmors_offline/openCOSMO-RS_conformer_pipeline/decanoic_acid/COSMO_TZVPD/decanoic_acid_c000.orcacosmo,urea,/home/users/navy030303/software/cosmors_offline/openCOSMO-RS_conformer_pipeline/urea/COSMO_TZVPD/urea_c000.orcacosmo
decanoic_acid,/home/users/navy030303/software/cosmors_offline/openCOSMO-RS_conformer_pipeline/decanoic_acid/COSMO_TZVPD/decanoic_acid_c000.orcacosmo,menthol,/home/users/navy030303/software/cosmors_offline/openCOSMO-RS_conformer_pipeline/menthol/COSMO_TZVPD/menthol_c000.orcacosmo
decanoic_acid,/home/users/navy030303/software/cosmors_offline/openCOSMO-RS_conformer_pipeline/decanoic_acid/COSMO_TZVPD/decanoic_acid_c000.orcacosmo,boric_acid,/home/users/navy030303/software/cosmors_offline/openCOSMO-RS_conformer_pipeline/boric_acid/COSMO_TZVPD/boric_acid_c000.orcacosmo
decanoic_acid,/home/users/navy030303/software/cosmors_offline/openCOSMO-RS_conformer_pipeline/decanoic_acid/COSMO_TZVPD/decanoic_acid_c000.orcacosmo,imidazole,/home/users/navy030303/software/cosmors_offline/openCOSMO-RS_conformer_pipeline/imidazole/COSMO_TZVPD/imidazole_c000.orcacosmo
decanoic_acid,/home/users/navy030303/software/cosmors_offline/openCOSMO-RS_conformer_pipeline/decanoic_acid/COSMO_TZVPD/decanoic_acid_c000.orcacosmo,cyclohexanol,/home/users/navy030303/software/cosmors_offline/openCOSMO-RS_conformer_pipeline/cyclohexanol/COSMO_TZVPD/cyclohexanol_c000.orcacosmo
decanoic_acid,/home/users/navy030303/software/cosmors_offline/openCOSMO-RS_conformer_pipeline/decanoic_acid/COSMO_TZVPD/decanoic_acid_c000.orcacosmo,ascorbic_acid,/home/users/navy030303/software/cosmors_offline/openCOSMO-RS_conformer_pipeline/ascorbic_acid/COSMO_TZVPD/ascorbic_acid_c000.orcacosmo
decanoic_acid,/home/users/navy030303/software/cosmors_offline/openCOSMO-RS_conformer_pipeline/decanoic_acid/COSMO_TZVPD/decanoic_acid_c000.orcacosmo,lactic_acid,/home/users/navy030303/software/cosmors_offline/openCOSMO-RS_conformer_pipeline/lactic_acid/COSMO_TZVPD/lactic_acid_c000.orcacosmo
decanoic_acid,/home/users/navy030303/software/cosmors_offline/openCOSMO-RS_conformer_pipeline/decanoic_acid/COSMO_TZVPD/decanoic_acid_c000.orcacosmo,malonic_acid,/home/users/navy030303/software/cosmors_offline/openCOSMO-RS_conformer_pipeline/malonic_acid/COSMO_TZVPD/malonic_acid_c000.orcacosmo
decanoic_acid,/home/users/navy030303/software/cosmors_offline/openCOSMO-RS_conformer_pipeline/decanoic_acid/COSMO_TZVPD/decanoic_acid_c000.orcacosmo,oxalic_acid,/home/users/navy030303/software/cosmors_offline/openCOSMO-RS_conformer_pipeline/oxalic_acid/COSMO_TZVPD/oxalic_acid_c000.orcacosmo
decanoic_acid,/home/users/navy030303/software/cosmors_offline/openCOSMO-RS_conformer_pipeline/decanoic_acid/COSMO_TZVPD/decanoic_acid_c000.orcacosmo,malic_acid,/home/users/navy030303/software/cosmors_offline/openCOSMO-RS_conformer_pipeline/malic_acid/COSMO_TZVPD/malic_acid_c000.orcacosmo
decanoic_acid,/home/users/navy030303/software/cosmors_offline/openCOSMO-RS_conformer_pipeline/decanoic_acid/COSMO_TZVPD/decanoic_acid_c000.orcacosmo,tartaric_acid,/home/users/navy030303/software/cosmors_offline/openCOSMO-RS_conformer_pipeline/tartaric_acid/COSMO_TZVPD/tartaric_acid_c000.orcacosmo
decanoic_acid,/home/users/navy030303/software/cosmors_offline/openCOSMO-RS_conformer_pipeline/decanoic_acid/COSMO_TZVPD/decanoic_acid_c000.orcacosmo,glycine,/home/users/navy030303/software/cosmors_offline/openCOSMO-RS_conformer_pipeline/glycine/COSMO_TZVPD/glycine_c000.orcacosmo
decanoic_acid,/home/users/navy030303/software/cosmors_offline/openCOSMO-RS_conformer_pipeline/decanoic_acid/COSMO_TZVPD/decanoic_acid_c000.orcacosmo,d_glucose,/home/users/navy030303/software/cosmors_offline/openCOSMO-RS_conformer_pipeline/d_glucose/COSMO_TZVPD/d_glucose_c000.orcacosmo
decanoic_acid,/home/users/navy030303/software/cosmors_offline/openCOSMO-RS_conformer_pipeline/decanoic_acid/COSMO_TZVPD/decanoic_acid_c000.orcacosmo,d_fructose,/home/users/navy030303/software/cosmors_offline/openCOSMO-RS_conformer_pipeline/d_fructose/COSMO_TZVPD/d_fructose_c000.orcacosmo
decanoic_acid,/home/users/navy030303/software/cosmors_offline/openCOSMO-RS_conformer_pipeline/decanoic_acid/COSMO_TZVPD/decanoic_acid_c000.orcacosmo,sorbitol,/home/users/navy030303/software/cosmors_offline/openCOSMO-RS_conformer_pipeline/sorbitol/COSMO_TZVPD/sorbitol_c000.orcacosmo
decanoic_acid,/home/users/navy030303/software/cosmors_offline/openCOSMO-RS_conformer_pipeline/decanoic_acid/COSMO_TZVPD/decanoic_acid_c000.orcacosmo,trifluoroacetamide,/home/users/navy030303/software/cosmors_offline/openCOSMO-RS_conformer_pipeline/trifluoroacetamide/COSMO_TZVPD/trifluoroacetamide_c000.orcacosmo
cinnamic_acid,/home/users/navy030303/software/cosmors_offline/openCOSMO-RS_conformer_pipeline/cinnamic_acid/COSMO_TZVPD/cinnamic_acid_c000.orcacosmo,urea,/home/users/navy030303/software/cosmors_offline/openCOSMO-RS_conformer_pipeline/urea/COSMO_TZVPD/urea_c000.orcacosmo
cinnamic_acid,/home/users/navy030303/software/cosmors_offline/openCOSMO-RS_conformer_pipeline/cinnamic_acid/COSMO_TZVPD/cinnamic_acid_c000.orcacosmo,menthol,/home/users/navy030303/software/cosmors_offline/openCOSMO-RS_conformer_pipeline/menthol/COSMO_TZVPD/menthol_c000.orcacosmo
cinnamic_acid,/home/users/navy030303/software/cosmors_offline/openCOSMO-RS_conformer_pipeline/cinnamic_acid/COSMO_TZVPD/cinnamic_acid_c000.orcacosmo,boric_acid,/home/users/navy030303/software/cosmors_offline/openCOSMO-RS_conformer_pipeline/boric_acid/COSMO_TZVPD/boric_acid_c000.orcacosmo
cinnamic_acid,/home/users/navy030303/software/cosmors_offline/openCOSMO-RS_conformer_pipeline/cinnamic_acid/COSMO_TZVPD/cinnamic_acid_c000.orcacosmo,imidazole,/home/users/navy030303/software/cosmors_offline/openCOSMO-RS_conformer_pipeline/imidazole/COSMO_TZVPD/imidazole_c000.orcacosmo
cinnamic_acid,/home/users/navy030303/software/cosmors_offline/openCOSMO-RS_conformer_pipeline/cinnamic_acid/COSMO_TZVPD/cinnamic_acid_c000.orcacosmo,cyclohexanol,/home/users/navy030303/software/cosmors_offline/openCOSMO-RS_conformer_pipeline/cyclohexanol/COSMO_TZVPD/cyclohexanol_c000.orcacosmo
cinnamic_acid,/home/users/navy030303/software/cosmors_offline/openCOSMO-RS_conformer_pipeline/cinnamic_acid/COSMO_TZVPD/cinnamic_acid_c000.orcacosmo,ascorbic_acid,/home/users/navy030303/software/cosmors_offline/openCOSMO-RS_conformer_pipeline/ascorbic_acid/COSMO_TZVPD/ascorbic_acid_c000.orcacosmo
cinnamic_acid,/home/users/navy030303/software/cosmors_offline/openCOSMO-RS_conformer_pipeline/cinnamic_acid/COSMO_TZVPD/cinnamic_acid_c000.orcacosmo,lactic_acid,/home/users/navy030303/software/cosmors_offline/openCOSMO-RS_conformer_pipeline/lactic_acid/COSMO_TZVPD/lactic_acid_c000.orcacosmo
cinnamic_acid,/home/users/navy030303/software/cosmors_offline/openCOSMO-RS_conformer_pipeline/cinnamic_acid/COSMO_TZVPD/cinnamic_acid_c000.orcacosmo,malonic_acid,/home/users/navy030303/software/cosmors_offline/openCOSMO-RS_conformer_pipeline/malonic_acid/COSMO_TZVPD/malonic_acid_c000.orcacosmo
cinnamic_acid,/home/users/navy030303/software/cosmors_offline/openCOSMO-RS_conformer_pipeline/cinnamic_acid/COSMO_TZVPD/cinnamic_acid_c000.orcacosmo,oxalic_acid,/home/users/navy030303/software/cosmors_offline/openCOSMO-RS_conformer_pipeline/oxalic_acid/COSMO_TZVPD/oxalic_acid_c000.orcacosmo
cinnamic_acid,/home/users/navy030303/software/cosmors_offline/openCOSMO-RS_conformer_pipeline/cinnamic_acid/COSMO_TZVPD/cinnamic_acid_c000.orcacosmo,malic_acid,/home/users/navy030303/software/cosmors_offline/openCOSMO-RS_conformer_pipeline/malic_acid/COSMO_TZVPD/malic_acid_c000.orcacosmo
cinnamic_acid,/home/users/navy030303/software/cosmors_offline/openCOSMO-RS_conformer_pipeline/cinnamic_acid/COSMO_TZVPD/cinnamic_acid_c000.orcacosmo,tartaric_acid,/home/users/navy030303/software/cosmors_offline/openCOSMO-RS_conformer_pipeline/tartaric_acid/COSMO_TZVPD/tartaric_acid_c000.orcacosmo
cinnamic_acid,/home/users/navy030303/software/cosmors_offline/openCOSMO-RS_conformer_pipeline/cinnamic_acid/COSMO_TZVPD/cinnamic_acid_c000.orcacosmo,glycine,/home/users/navy030303/software/cosmors_offline/openCOSMO-RS_conformer_pipeline/glycine/COSMO_TZVPD/glycine_c000.orcacosmo
cinnamic_acid,/home/users/navy030303/software/cosmors_offline/openCOSMO-RS_conformer_pipeline/cinnamic_acid/COSMO_TZVPD/cinnamic_acid_c000.orcacosmo,d_glucose,/home/users/navy030303/software/cosmors_offline/openCOSMO-RS_conformer_pipeline/d_glucose/COSMO_TZVPD/d_glucose_c000.orcacosmo
cinnamic_acid,/home/users/navy030303/software/cosmors_offline/openCOSMO-RS_conformer_pipeline/cinnamic_acid/COSMO_TZVPD/cinnamic_acid_c000.orcacosmo,d_fructose,/home/users/navy030303/software/cosmors_offline/openCOSMO-RS_conformer_pipeline/d_fructose/COSMO_TZVPD/d_fructose_c000.orcacosmo
cinnamic_acid,/home/users/navy030303/software/cosmors_offline/openCOSMO-RS_conformer_pipeline/cinnamic_acid/COSMO_TZVPD/cinnamic_acid_c000.orcacosmo,sorbitol,/home/users/navy030303/software/cosmors_offline/openCOSMO-RS_conformer_pipeline/sorbitol/COSMO_TZVPD/sorbitol_c000.orcacosmo
cinnamic_acid,/home/users/navy030303/software/cosmors_offline/openCOSMO-RS_conformer_pipeline/cinnamic_acid/COSMO_TZVPD/cinnamic_acid_c000.orcacosmo,trifluoroacetamide,/home/users/navy030303/software/cosmors_offline/openCOSMO-RS_conformer_pipeline/trifluoroacetamide/COSMO_TZVPD/trifluoroacetamide_c000.orcacosmo
urea,/home/users/navy030303/software/cosmors_offline/openCOSMO-RS_conformer_pipeline/urea/COSMO_TZVPD/urea_c000.orcacosmo,menthol,/home/users/navy030303/software/cosmors_offline/openCOSMO-RS_conformer_pipeline/menthol/COSMO_TZVPD/menthol_c000.orcacosmo
urea,/home/users/navy030303/software/cosmors_offline/openCOSMO-RS_conformer_pipeline/urea/COSMO_TZVPD/urea_c000.orcacosmo,boric_acid,/home/users/navy030303/software/cosmors_offline/openCOSMO-RS_conformer_pipeline/boric_acid/COSMO_TZVPD/boric_acid_c000.orcacosmo
urea,/home/users/navy030303/software/cosmors_offline/openCOSMO-RS_conformer_pipeline/urea/COSMO_TZVPD/urea_c000.orcacosmo,imidazole,/home/users/navy030303/software/cosmors_offline/openCOSMO-RS_conformer_pipeline/imidazole/COSMO_TZVPD/imidazole_c000.orcacosmo
urea,/home/users/navy030303/software/cosmors_offline/openCOSMO-RS_conformer_pipeline/urea/COSMO_TZVPD/urea_c000.orcacosmo,cyclohexanol,/home/users/navy030303/software/cosmors_offline/openCOSMO-RS_conformer_pipeline/cyclohexanol/COSMO_TZVPD/cyclohexanol_c000.orcacosmo
urea,/home/users/navy030303/software/cosmors_offline/openCOSMO-RS_conformer_pipeline/urea/COSMO_TZVPD/urea_c000.orcacosmo,ascorbic_acid,/home/users/navy030303/software/cosmors_offline/openCOSMO-RS_conformer_pipeline/ascorbic_acid/COSMO_TZVPD/ascorbic_acid_c000.orcacosmo
urea,/home/users/navy030303/software/cosmors_offline/openCOSMO-RS_conformer_pipeline/urea/COSMO_TZVPD/urea_c000.orcacosmo,lactic_acid,/home/users/navy030303/software/cosmors_offline/openCOSMO-RS_conformer_pipeline/lactic_acid/COSMO_TZVPD/lactic_acid_c000.orcacosmo
urea,/home/users/navy030303/software/cosmors_offline/openCOSMO-RS_conformer_pipeline/urea/COSMO_TZVPD/urea_c000.orcacosmo,malonic_acid,/home/users/navy030303/software/cosmors_offline/openCOSMO-RS_conformer_pipeline/malonic_acid/COSMO_TZVPD/malonic_acid_c000.orcacosmo
urea,/home/users/navy030303/software/cosmors_offline/openCOSMO-RS_conformer_pipeline/urea/COSMO_TZVPD/urea_c000.orcacosmo,oxalic_acid,/home/users/navy030303/software/cosmors_offline/openCOSMO-RS_conformer_pipeline/oxalic_acid/COSMO_TZVPD/oxalic_acid_c000.orcacosmo
urea,/home/users/navy030303/software/cosmors_offline/openCOSMO-RS_conformer_pipeline/urea/COSMO_TZVPD/urea_c000.orcacosmo,malic_acid,/home/users/navy030303/software/cosmors_offline/openCOSMO-RS_conformer_pipeline/malic_acid/COSMO_TZVPD/malic_acid_c000.orcacosmo
urea,/home/users/navy030303/software/cosmors_offline/openCOSMO-RS_conformer_pipeline/urea/COSMO_TZVPD/urea_c000.orcacosmo,tartaric_acid,/home/users/navy030303/software/cosmors_offline/openCOSMO-RS_conformer_pipeline/tartaric_acid/COSMO_TZVPD/tartaric_acid_c000.orcacosmo
urea,/home/users/navy030303/software/cosmors_offline/openCOSMO-RS_conformer_pipeline/urea/COSMO_TZVPD/urea_c000.orcacosmo,glycine,/home/users/navy030303/software/cosmors_offline/openCOSMO-RS_conformer_pipeline/glycine/COSMO_TZVPD/glycine_c000.orcacosmo
urea,/home/users/navy030303/software/cosmors_offline/openCOSMO-RS_conformer_pipeline/urea/COSMO_TZVPD/urea_c000.orcacosmo,d_glucose,/home/users/navy030303/software/cosmors_offline/openCOSMO-RS_conformer_pipeline/d_glucose/COSMO_TZVPD/d_glucose_c000.orcacosmo
urea,/home/users/navy030303/software/cosmors_offline/openCOSMO-RS_conformer_pipeline/urea/COSMO_TZVPD/urea_c000.orcacosmo,d_fructose,/home/users/navy030303/software/cosmors_offline/openCOSMO-RS_conformer_pipeline/d_fructose/COSMO_TZVPD/d_fructose_c000.orcacosmo
urea,/home/users/navy030303/software/cosmors_offline/openCOSMO-RS_conformer_pipeline/urea/COSMO_TZVPD/urea_c000.orcacosmo,sorbitol,/home/users/navy030303/software/cosmors_offline/openCOSMO-RS_conformer_pipeline/sorbitol/COSMO_TZVPD/sorbitol_c000.orcacosmo
urea,/home/users/navy030303/software/cosmors_offline/openCOSMO-RS_conformer_pipeline/urea/COSMO_TZVPD/urea_c000.orcacosmo,trifluoroacetamide,/home/users/navy030303/software/cosmors_offline/openCOSMO-RS_conformer_pipeline/trifluoroacetamide/COSMO_TZVPD/trifluoroacetamide_c000.orcacosmo
menthol,/home/users/navy030303/software/cosmors_offline/openCOSMO-RS_conformer_pipeline/menthol/COSMO_TZVPD/menthol_c000.orcacosmo,boric_acid,/home/users/navy030303/software/cosmors_offline/openCOSMO-RS_conformer_pipeline/boric_acid/COSMO_TZVPD/boric_acid_c000.orcacosmo
menthol,/home/users/navy030303/software/cosmors_offline/openCOSMO-RS_conformer_pipeline/menthol/COSMO_TZVPD/menthol_c000.orcacosmo,imidazole,/home/users/navy030303/software/cosmors_offline/openCOSMO-RS_conformer_pipeline/imidazole/COSMO_TZVPD/imidazole_c000.orcacosmo
menthol,/home/users/navy030303/software/cosmors_offline/openCOSMO-RS_conformer_pipeline/menthol/COSMO_TZVPD/menthol_c000.orcacosmo,cyclohexanol,/home/users/navy030303/software/cosmors_offline/openCOSMO-RS_conformer_pipeline/cyclohexanol/COSMO_TZVPD/cyclohexanol_c000.orcacosmo
menthol,/home/users/navy030303/software/cosmors_offline/openCOSMO-RS_conformer_pipeline/menthol/COSMO_TZVPD/menthol_c000.orcacosmo,ascorbic_acid,/home/users/navy030303/software/cosmors_offline/openCOSMO-RS_conformer_pipeline/ascorbic_acid/COSMO_TZVPD/ascorbic_acid_c000.orcacosmo
menthol,/home/users/navy030303/software/cosmors_offline/openCOSMO-RS_conformer_pipeline/menthol/COSMO_TZVPD/menthol_c000.orcacosmo,lactic_acid,/home/users/navy030303/software/cosmors_offline/openCOSMO-RS_conformer_pipeline/lactic_acid/COSMO_TZVPD/lactic_acid_c000.orcacosmo
menthol,/home/users/navy030303/software/cosmors_offline/openCOSMO-RS_conformer_pipeline/menthol/COSMO_TZVPD/menthol_c000.orcacosmo,malonic_acid,/home/users/navy030303/software/cosmors_offline/openCOSMO-RS_conformer_pipeline/malonic_acid/COSMO_TZVPD/malonic_acid_c000.orcacosmo
menthol,/home/users/navy030303/software/cosmors_offline/openCOSMO-RS_conformer_pipeline/menthol/COSMO_TZVPD/menthol_c000.orcacosmo,oxalic_acid,/home/users/navy030303/software/cosmors_offline/openCOSMO-RS_conformer_pipeline/oxalic_acid/COSMO_TZVPD/oxalic_acid_c000.orcacosmo
menthol,/home/users/navy030303/software/cosmors_offline/openCOSMO-RS_conformer_pipeline/menthol/COSMO_TZVPD/menthol_c000.orcacosmo,malic_acid,/home/users/navy030303/software/cosmors_offline/openCOSMO-RS_conformer_pipeline/malic_acid/COSMO_TZVPD/malic_acid_c000.orcacosmo
menthol,/home/users/navy030303/software/cosmors_offline/openCOSMO-RS_conformer_pipeline/menthol/COSMO_TZVPD/menthol_c000.orcacosmo,tartaric_acid,/home/users/navy030303/software/cosmors_offline/openCOSMO-RS_conformer_pipeline/tartaric_acid/COSMO_TZVPD/tartaric_acid_c000.orcacosmo
menthol,/home/users/navy030303/software/cosmors_offline/openCOSMO-RS_conformer_pipeline/menthol/COSMO_TZVPD/menthol_c000.orcacosmo,glycine,/home/users/navy030303/software/cosmors_offline/openCOSMO-RS_conformer_pipeline/glycine/COSMO_TZVPD/glycine_c000.orcacosmo
menthol,/home/users/navy030303/software/cosmors_offline/openCOSMO-RS_conformer_pipeline/menthol/COSMO_TZVPD/menthol_c000.orcacosmo,d_glucose,/home/users/navy030303/software/cosmors_offline/openCOSMO-RS_conformer_pipeline/d_glucose/COSMO_TZVPD/d_glucose_c000.orcacosmo
menthol,/home/users/navy030303/software/cosmors_offline/openCOSMO-RS_conformer_pipeline/menthol/COSMO_TZVPD/menthol_c000.orcacosmo,d_fructose,/home/users/navy030303/software/cosmors_offline/openCOSMO-RS_conformer_pipeline/d_fructose/COSMO_TZVPD/d_fructose_c000.orcacosmo
menthol,/home/users/navy030303/software/cosmors_offline/openCOSMO-RS_conformer_pipeline/menthol/COSMO_TZVPD/menthol_c000.orcacosmo,sorbitol,/home/users/navy030303/software/cosmors_offline/openCOSMO-RS_conformer_pipeline/sorbitol/COSMO_TZVPD/sorbitol_c000.orcacosmo
menthol,/home/users/navy030303/software/cosmors_offline/openCOSMO-RS_conformer_pipeline/menthol/COSMO_TZVPD/menthol_c000.orcacosmo,trifluoroacetamide,/home/users/navy030303/software/cosmors_offline/openCOSMO-RS_conformer_pipeline/trifluoroacetamide/COSMO_TZVPD/trifluoroacetamide_c000.orcacosmo
boric_acid,/home/users/navy030303/software/cosmors_offline/openCOSMO-RS_conformer_pipeline/boric_acid/COSMO_TZVPD/boric_acid_c000.orcacosmo,imidazole,/home/users/navy030303/software/cosmors_offline/openCOSMO-RS_conformer_pipeline/imidazole/COSMO_TZVPD/imidazole_c000.orcacosmo
boric_acid,/home/users/navy030303/software/cosmors_offline/openCOSMO-RS_conformer_pipeline/boric_acid/COSMO_TZVPD/boric_acid_c000.orcacosmo,cyclohexanol,/home/users/navy030303/software/cosmors_offline/openCOSMO-RS_conformer_pipeline/cyclohexanol/COSMO_TZVPD/cyclohexanol_c000.orcacosmo
boric_acid,/home/users/navy030303/software/cosmors_offline/openCOSMO-RS_conformer_pipeline/boric_acid/COSMO_TZVPD/boric_acid_c000.orcacosmo,ascorbic_acid,/home/users/navy030303/software/cosmors_offline/openCOSMO-RS_conformer_pipeline/ascorbic_acid/COSMO_TZVPD/ascorbic_acid_c000.orcacosmo
boric_acid,/home/users/navy030303/software/cosmors_offline/openCOSMO-RS_conformer_pipeline/boric_acid/COSMO_TZVPD/boric_acid_c000.orcacosmo,lactic_acid,/home/users/navy030303/software/cosmors_offline/openCOSMO-RS_conformer_pipeline/lactic_acid/COSMO_TZVPD/lactic_acid_c000.orcacosmo
boric_acid,/home/users/navy030303/software/cosmors_offline/openCOSMO-RS_conformer_pipeline/boric_acid/COSMO_TZVPD/boric_acid_c000.orcacosmo,malonic_acid,/home/users/navy030303/software/cosmors_offline/openCOSMO-RS_conformer_pipeline/malonic_acid/COSMO_TZVPD/malonic_acid_c000.orcacosmo
boric_acid,/home/users/navy030303/software/cosmors_offline/openCOSMO-RS_conformer_pipeline/boric_acid/COSMO_TZVPD/boric_acid_c000.orcacosmo,oxalic_acid,/home/users/navy030303/software/cosmors_offline/openCOSMO-RS_conformer_pipeline/oxalic_acid/COSMO_TZVPD/oxalic_acid_c000.orcacosmo
boric_acid,/home/users/navy030303/software/cosmors_offline/openCOSMO-RS_conformer_pipeline/boric_acid/COSMO_TZVPD/boric_acid_c000.orcacosmo,malic_acid,/home/users/navy030303/software/cosmors_offline/openCOSMO-RS_conformer_pipeline/malic_acid/COSMO_TZVPD/malic_acid_c000.orcacosmo
boric_acid,/home/users/navy030303/software/cosmors_offline/openCOSMO-RS_conformer_pipeline/boric_acid/COSMO_TZVPD/boric_acid_c000.orcacosmo,tartaric_acid,/home/users/navy030303/software/cosmors_offline/openCOSMO-RS_conformer_pipeline/tartaric_acid/COSMO_TZVPD/tartaric_acid_c000.orcacosmo
boric_acid,/home/users/navy030303/software/cosmors_offline/openCOSMO-RS_conformer_pipeline/boric_acid/COSMO_TZVPD/boric_acid_c000.orcacosmo,glycine,/home/users/navy030303/software/cosmors_offline/openCOSMO-RS_conformer_pipeline/glycine/COSMO_TZVPD/glycine_c000.orcacosmo
boric_acid,/home/users/navy030303/software/cosmors_offline/openCOSMO-RS_conformer_pipeline/boric_acid/COSMO_TZVPD/boric_acid_c000.orcacosmo,d_glucose,/home/users/navy030303/software/cosmors_offline/openCOSMO-RS_conformer_pipeline/d_glucose/COSMO_TZVPD/d_glucose_c000.orcacosmo
boric_acid,/home/users/navy030303/software/cosmors_offline/openCOSMO-RS_conformer_pipeline/boric_acid/COSMO_TZVPD/boric_acid_c000.orcacosmo,d_fructose,/home/users/navy030303/software/cosmors_offline/openCOSMO-RS_conformer_pipeline/d_fructose/COSMO_TZVPD/d_fructose_c000.orcacosmo
boric_acid,/home/users/navy030303/software/cosmors_offline/openCOSMO-RS_conformer_pipeline/boric_acid/COSMO_TZVPD/boric_acid_c000.orcacosmo,sorbitol,/home/users/navy030303/software/cosmors_offline/openCOSMO-RS_conformer_pipeline/sorbitol/COSMO_TZVPD/sorbitol_c000.orcacosmo
boric_acid,/home/users/navy030303/software/cosmors_offline/openCOSMO-RS_conformer_pipeline/boric_acid/COSMO_TZVPD/boric_acid_c000.orcacosmo,trifluoroacetamide,/home/users/navy030303/software/cosmors_offline/openCOSMO-RS_conformer_pipeline/trifluoroacetamide/COSMO_TZVPD/trifluoroacetamide_c000.orcacosmo
imidazole,/home/users/navy030303/software/cosmors_offline/openCOSMO-RS_conformer_pipeline/imidazole/COSMO_TZVPD/imidazole_c000.orcacosmo,cyclohexanol,/home/users/navy030303/software/cosmors_offline/openCOSMO-RS_conformer_pipeline/cyclohexanol/COSMO_TZVPD/cyclohexanol_c000.orcacosmo
imidazole,/home/users/navy030303/software/cosmors_offline/openCOSMO-RS_conformer_pipeline/imidazole/COSMO_TZVPD/imidazole_c000.orcacosmo,ascorbic_acid,/home/users/navy030303/software/cosmors_offline/openCOSMO-RS_conformer_pipeline/ascorbic_acid/COSMO_TZVPD/ascorbic_acid_c000.orcacosmo
imidazole,/home/users/navy030303/software/cosmors_offline/openCOSMO-RS_conformer_pipeline/imidazole/COSMO_TZVPD/imidazole_c000.orcacosmo,lactic_acid,/home/users/navy030303/software/cosmors_offline/openCOSMO-RS_conformer_pipeline/lactic_acid/COSMO_TZVPD/lactic_acid_c000.orcacosmo
imidazole,/home/users/navy030303/software/cosmors_offline/openCOSMO-RS_conformer_pipeline/imidazole/COSMO_TZVPD/imidazole_c000.orcacosmo,malonic_acid,/home/users/navy030303/software/cosmors_offline/openCOSMO-RS_conformer_pipeline/malonic_acid/COSMO_TZVPD/malonic_acid_c000.orcacosmo
imidazole,/home/users/navy030303/software/cosmors_offline/openCOSMO-RS_conformer_pipeline/imidazole/COSMO_TZVPD/imidazole_c000.orcacosmo,oxalic_acid,/home/users/navy030303/software/cosmors_offline/openCOSMO-RS_conformer_pipeline/oxalic_acid/COSMO_TZVPD/oxalic_acid_c000.orcacosmo
imidazole,/home/users/navy030303/software/cosmors_offline/openCOSMO-RS_conformer_pipeline/imidazole/COSMO_TZVPD/imidazole_c000.orcacosmo,malic_acid,/home/users/navy030303/software/cosmors_offline/openCOSMO-RS_conformer_pipeline/malic_acid/COSMO_TZVPD/malic_acid_c000.orcacosmo
imidazole,/home/users/navy030303/software/cosmors_offline/openCOSMO-RS_conformer_pipeline/imidazole/COSMO_TZVPD/imidazole_c000.orcacosmo,tartaric_acid,/home/users/navy030303/software/cosmors_offline/openCOSMO-RS_conformer_pipeline/tartaric_acid/COSMO_TZVPD/tartaric_acid_c000.orcacosmo
imidazole,/home/users/navy030303/software/cosmors_offline/openCOSMO-RS_conformer_pipeline/imidazole/COSMO_TZVPD/imidazole_c000.orcacosmo,glycine,/home/users/navy030303/software/cosmors_offline/openCOSMO-RS_conformer_pipeline/glycine/COSMO_TZVPD/glycine_c000.orcacosmo
imidazole,/home/users/navy030303/software/cosmors_offline/openCOSMO-RS_conformer_pipeline/imidazole/COSMO_TZVPD/imidazole_c000.orcacosmo,d_glucose,/home/users/navy030303/software/cosmors_offline/openCOSMO-RS_conformer_pipeline/d_glucose/COSMO_TZVPD/d_glucose_c000.orcacosmo
imidazole,/home/users/navy030303/software/cosmors_offline/openCOSMO-RS_conformer_pipeline/imidazole/COSMO_TZVPD/imidazole_c000.orcacosmo,d_fructose,/home/users/navy030303/software/cosmors_offline/openCOSMO-RS_conformer_pipeline/d_fructose/COSMO_TZVPD/d_fructose_c000.orcacosmo
imidazole,/home/users/navy030303/software/cosmors_offline/openCOSMO-RS_conformer_pipeline/imidazole/COSMO_TZVPD/imidazole_c000.orcacosmo,sorbitol,/home/users/navy030303/software/cosmors_offline/openCOSMO-RS_conformer_pipeline/sorbitol/COSMO_TZVPD/sorbitol_c000.orcacosmo
imidazole,/home/users/navy030303/software/cosmors_offline/openCOSMO-RS_conformer_pipeline/imidazole/COSMO_TZVPD/imidazole_c000.orcacosmo,trifluoroacetamide,/home/users/navy030303/software/cosmors_offline/openCOSMO-RS_conformer_pipeline/trifluoroacetamide/COSMO_TZVPD/trifluoroacetamide_c000.orcacosmo
cyclohexanol,/home/users/navy030303/software/cosmors_offline/openCOSMO-RS_conformer_pipeline/cyclohexanol/COSMO_TZVPD/cyclohexanol_c000.orcacosmo,ascorbic_acid,/home/users/navy030303/software/cosmors_offline/openCOSMO-RS_conformer_pipeline/ascorbic_acid/COSMO_TZVPD/ascorbic_acid_c000.orcacosmo
cyclohexanol,/home/users/navy030303/software/cosmors_offline/openCOSMO-RS_conformer_pipeline/cyclohexanol/COSMO_TZVPD/cyclohexanol_c000.orcacosmo,lactic_acid,/home/users/navy030303/software/cosmors_offline/openCOSMO-RS_conformer_pipeline/lactic_acid/COSMO_TZVPD/lactic_acid_c000.orcacosmo
cyclohexanol,/home/users/navy030303/software/cosmors_offline/openCOSMO-RS_conformer_pipeline/cyclohexanol/COSMO_TZVPD/cyclohexanol_c000.orcacosmo,malonic_acid,/home/users/navy030303/software/cosmors_offline/openCOSMO-RS_conformer_pipeline/malonic_acid/COSMO_TZVPD/malonic_acid_c000.orcacosmo
cyclohexanol,/home/users/navy030303/software/cosmors_offline/openCOSMO-RS_conformer_pipeline/cyclohexanol/COSMO_TZVPD/cyclohexanol_c000.orcacosmo,oxalic_acid,/home/users/navy030303/software/cosmors_offline/openCOSMO-RS_conformer_pipeline/oxalic_acid/COSMO_TZVPD/oxalic_acid_c000.orcacosmo
cyclohexanol,/home/users/navy030303/software/cosmors_offline/openCOSMO-RS_conformer_pipeline/cyclohexanol/COSMO_TZVPD/cyclohexanol_c000.orcacosmo,malic_acid,/home/users/navy030303/software/cosmors_offline/openCOSMO-RS_conformer_pipeline/malic_acid/COSMO_TZVPD/malic_acid_c000.orcacosmo
cyclohexanol,/home/users/navy030303/software/cosmors_offline/openCOSMO-RS_conformer_pipeline/cyclohexanol/COSMO_TZVPD/cyclohexanol_c000.orcacosmo,tartaric_acid,/home/users/navy030303/software/cosmors_offline/openCOSMO-RS_conformer_pipeline/tartaric_acid/COSMO_TZVPD/tartaric_acid_c000.orcacosmo
cyclohexanol,/home/users/navy030303/software/cosmors_offline/openCOSMO-RS_conformer_pipeline/cyclohexanol/COSMO_TZVPD/cyclohexanol_c000.orcacosmo,glycine,/home/users/navy030303/software/cosmors_offline/openCOSMO-RS_conformer_pipeline/glycine/COSMO_TZVPD/glycine_c000.orcacosmo
cyclohexanol,/home/users/navy030303/software/cosmors_offline/openCOSMO-RS_conformer_pipeline/cyclohexanol/COSMO_TZVPD/cyclohexanol_c000.orcacosmo,d_glucose,/home/users/navy030303/software/cosmors_offline/openCOSMO-RS_conformer_pipeline/d_glucose/COSMO_TZVPD/d_glucose_c000.orcacosmo
cyclohexanol,/home/users/navy030303/software/cosmors_offline/openCOSMO-RS_conformer_pipeline/cyclohexanol/COSMO_TZVPD/cyclohexanol_c000.orcacosmo,d_fructose,/home/users/navy030303/software/cosmors_offline/openCOSMO-RS_conformer_pipeline/d_fructose/COSMO_TZVPD/d_fructose_c000.orcacosmo
cyclohexanol,/home/users/navy030303/software/cosmors_offline/openCOSMO-RS_conformer_pipeline/cyclohexanol/COSMO_TZVPD/cyclohexanol_c000.orcacosmo,sorbitol,/home/users/navy030303/software/cosmors_offline/openCOSMO-RS_conformer_pipeline/sorbitol/COSMO_TZVPD/sorbitol_c000.orcacosmo
cyclohexanol,/home/users/navy030303/software/cosmors_offline/openCOSMO-RS_conformer_pipeline/cyclohexanol/COSMO_TZVPD/cyclohexanol_c000.orcacosmo,trifluoroacetamide,/home/users/navy030303/software/cosmors_offline/openCOSMO-RS_conformer_pipeline/trifluoroacetamide/COSMO_TZVPD/trifluoroacetamide_c000.orcacosmo
ascorbic_acid,/home/users/navy030303/software/cosmors_offline/openCOSMO-RS_conformer_pipeline/ascorbic_acid/COSMO_TZVPD/ascorbic_acid_c000.orcacosmo,lactic_acid,/home/users/navy030303/software/cosmors_offline/openCOSMO-RS_conformer_pipeline/lactic_acid/COSMO_TZVPD/lactic_acid_c000.orcacosmo
ascorbic_acid,/home/users/navy030303/software/cosmors_offline/openCOSMO-RS_conformer_pipeline/ascorbic_acid/COSMO_TZVPD/ascorbic_acid_c000.orcacosmo,malonic_acid,/home/users/navy030303/software/cosmors_offline/openCOSMO-RS_conformer_pipeline/malonic_acid/COSMO_TZVPD/malonic_acid_c000.orcacosmo
ascorbic_acid,/home/users/navy030303/software/cosmors_offline/openCOSMO-RS_conformer_pipeline/ascorbic_acid/COSMO_TZVPD/ascorbic_acid_c000.orcacosmo,oxalic_acid,/home/users/navy030303/software/cosmors_offline/openCOSMO-RS_conformer_pipeline/oxalic_acid/COSMO_TZVPD/oxalic_acid_c000.orcacosmo
ascorbic_acid,/home/users/navy030303/software/cosmors_offline/openCOSMO-RS_conformer_pipeline/ascorbic_acid/COSMO_TZVPD/ascorbic_acid_c000.orcacosmo,malic_acid,/home/users/navy030303/software/cosmors_offline/openCOSMO-RS_conformer_pipeline/malic_acid/COSMO_TZVPD/malic_acid_c000.orcacosmo
ascorbic_acid,/home/users/navy030303/software/cosmors_offline/openCOSMO-RS_conformer_pipeline/ascorbic_acid/COSMO_TZVPD/ascorbic_acid_c000.orcacosmo,tartaric_acid,/home/users/navy030303/software/cosmors_offline/openCOSMO-RS_conformer_pipeline/tartaric_acid/COSMO_TZVPD/tartaric_acid_c000.orcacosmo
ascorbic_acid,/home/users/navy030303/software/cosmors_offline/openCOSMO-RS_conformer_pipeline/ascorbic_acid/COSMO_TZVPD/ascorbic_acid_c000.orcacosmo,glycine,/home/users/navy030303/software/cosmors_offline/openCOSMO-RS_conformer_pipeline/glycine/COSMO_TZVPD/glycine_c000.orcacosmo
ascorbic_acid,/home/users/navy030303/software/cosmors_offline/openCOSMO-RS_conformer_pipeline/ascorbic_acid/COSMO_TZVPD/ascorbic_acid_c000.orcacosmo,d_glucose,/home/users/navy030303/software/cosmors_offline/openCOSMO-RS_conformer_pipeline/d_glucose/COSMO_TZVPD/d_glucose_c000.orcacosmo
ascorbic_acid,/home/users/navy030303/software/cosmors_offline/openCOSMO-RS_conformer_pipeline/ascorbic_acid/COSMO_TZVPD/ascorbic_acid_c000.orcacosmo,d_fructose,/home/users/navy030303/software/cosmors_offline/openCOSMO-RS_conformer_pipeline/d_fructose/COSMO_TZVPD/d_fructose_c000.orcacosmo
ascorbic_acid,/home/users/navy030303/software/cosmors_offline/openCOSMO-RS_conformer_pipeline/ascorbic_acid/COSMO_TZVPD/ascorbic_acid_c000.orcacosmo,sorbitol,/home/users/navy030303/software/cosmors_offline/openCOSMO-RS_conformer_pipeline/sorbitol/COSMO_TZVPD/sorbitol_c000.orcacosmo
ascorbic_acid,/home/users/navy030303/software/cosmors_offline/openCOSMO-RS_conformer_pipeline/ascorbic_acid/COSMO_TZVPD/ascorbic_acid_c000.orcacosmo,trifluoroacetamide,/home/users/navy030303/software/cosmors_offline/openCOSMO-RS_conformer_pipeline/trifluoroacetamide/COSMO_TZVPD/trifluoroacetamide_c000.orcacosmo
lactic_acid,/home/users/navy030303/software/cosmors_offline/openCOSMO-RS_conformer_pipeline/lactic_acid/COSMO_TZVPD/lactic_acid_c000.orcacosmo,malonic_acid,/home/users/navy030303/software/cosmors_offline/openCOSMO-RS_conformer_pipeline/malonic_acid/COSMO_TZVPD/malonic_acid_c000.orcacosmo
lactic_acid,/home/users/navy030303/software/cosmors_offline/openCOSMO-RS_conformer_pipeline/lactic_acid/COSMO_TZVPD/lactic_acid_c000.orcacosmo,oxalic_acid,/home/users/navy030303/software/cosmors_offline/openCOSMO-RS_conformer_pipeline/oxalic_acid/COSMO_TZVPD/oxalic_acid_c000.orcacosmo
lactic_acid,/home/users/navy030303/software/cosmors_offline/openCOSMO-RS_conformer_pipeline/lactic_acid/COSMO_TZVPD/lactic_acid_c000.orcacosmo,malic_acid,/home/users/navy030303/software/cosmors_offline/openCOSMO-RS_conformer_pipeline/malic_acid/COSMO_TZVPD/malic_acid_c000.orcacosmo
lactic_acid,/home/users/navy030303/software/cosmors_offline/openCOSMO-RS_conformer_pipeline/lactic_acid/COSMO_TZVPD/lactic_acid_c000.orcacosmo,tartaric_acid,/home/users/navy030303/software/cosmors_offline/openCOSMO-RS_conformer_pipeline/tartaric_acid/COSMO_TZVPD/tartaric_acid_c000.orcacosmo
lactic_acid,/home/users/navy030303/software/cosmors_offline/openCOSMO-RS_conformer_pipeline/lactic_acid/COSMO_TZVPD/lactic_acid_c000.orcacosmo,glycine,/home/users/navy030303/software/cosmors_offline/openCOSMO-RS_conformer_pipeline/glycine/COSMO_TZVPD/glycine_c000.orcacosmo
lactic_acid,/home/users/navy030303/software/cosmors_offline/openCOSMO-RS_conformer_pipeline/lactic_acid/COSMO_TZVPD/lactic_acid_c000.orcacosmo,d_glucose,/home/users/navy030303/software/cosmors_offline/openCOSMO-RS_conformer_pipeline/d_glucose/COSMO_TZVPD/d_glucose_c000.orcacosmo
lactic_acid,/home/users/navy030303/software/cosmors_offline/openCOSMO-RS_conformer_pipeline/lactic_acid/COSMO_TZVPD/lactic_acid_c000.orcacosmo,d_fructose,/home/users/navy030303/software/cosmors_offline/openCOSMO-RS_conformer_pipeline/d_fructose/COSMO_TZVPD/d_fructose_c000.orcacosmo
lactic_acid,/home/users/navy030303/software/cosmors_offline/openCOSMO-RS_conformer_pipeline/lactic_acid/COSMO_TZVPD/lactic_acid_c000.orcacosmo,sorbitol,/home/users/navy030303/software/cosmors_offline/openCOSMO-RS_conformer_pipeline/sorbitol/COSMO_TZVPD/sorbitol_c000.orcacosmo
lactic_acid,/home/users/navy030303/software/cosmors_offline/openCOSMO-RS_conformer_pipeline/lactic_acid/COSMO_TZVPD/lactic_acid_c000.orcacosmo,trifluoroacetamide,/home/users/navy030303/software/cosmors_offline/openCOSMO-RS_conformer_pipeline/trifluoroacetamide/COSMO_TZVPD/trifluoroacetamide_c000.orcacosmo
malonic_acid,/home/users/navy030303/software/cosmors_offline/openCOSMO-RS_conformer_pipeline/malonic_acid/COSMO_TZVPD/malonic_acid_c000.orcacosmo,oxalic_acid,/home/users/navy030303/software/cosmors_offline/openCOSMO-RS_conformer_pipeline/oxalic_acid/COSMO_TZVPD/oxalic_acid_c000.orcacosmo
malonic_acid,/home/users/navy030303/software/cosmors_offline/openCOSMO-RS_conformer_pipeline/malonic_acid/COSMO_TZVPD/malonic_acid_c000.orcacosmo,malic_acid,/home/users/navy030303/software/cosmors_offline/openCOSMO-RS_conformer_pipeline/malic_acid/COSMO_TZVPD/malic_acid_c000.orcacosmo
malonic_acid,/home/users/navy030303/software/cosmors_offline/openCOSMO-RS_conformer_pipeline/malonic_acid/COSMO_TZVPD/malonic_acid_c000.orcacosmo,tartaric_acid,/home/users/navy030303/software/cosmors_offline/openCOSMO-RS_conformer_pipeline/tartaric_acid/COSMO_TZVPD/tartaric_acid_c000.orcacosmo
malonic_acid,/home/users/navy030303/software/cosmors_offline/openCOSMO-RS_conformer_pipeline/malonic_acid/COSMO_TZVPD/malonic_acid_c000.orcacosmo,glycine,/home/users/navy030303/software/cosmors_offline/openCOSMO-RS_conformer_pipeline/glycine/COSMO_TZVPD/glycine_c000.orcacosmo
malonic_acid,/home/users/navy030303/software/cosmors_offline/openCOSMO-RS_conformer_pipeline/malonic_acid/COSMO_TZVPD/malonic_acid_c000.orcacosmo,d_glucose,/home/users/navy030303/software/cosmors_offline/openCOSMO-RS_conformer_pipeline/d_glucose/COSMO_TZVPD/d_glucose_c000.orcacosmo
malonic_acid,/home/users/navy030303/software/cosmors_offline/openCOSMO-RS_conformer_pipeline/malonic_acid/COSMO_TZVPD/malonic_acid_c000.orcacosmo,d_fructose,/home/users/navy030303/software/cosmors_offline/openCOSMO-RS_conformer_pipeline/d_fructose/COSMO_TZVPD/d_fructose_c000.orcacosmo
malonic_acid,/home/users/navy030303/software/cosmors_offline/openCOSMO-RS_conformer_pipeline/malonic_acid/COSMO_TZVPD/malonic_acid_c000.orcacosmo,sorbitol,/home/users/navy030303/software/cosmors_offline/openCOSMO-RS_conformer_pipeline/sorbitol/COSMO_TZVPD/sorbitol_c000.orcacosmo
malonic_acid,/home/users/navy030303/software/cosmors_offline/openCOSMO-RS_conformer_pipeline/malonic_acid/COSMO_TZVPD/malonic_acid_c000.orcacosmo,trifluoroacetamide,/home/users/navy030303/software/cosmors_offline/openCOSMO-RS_conformer_pipeline/trifluoroacetamide/COSMO_TZVPD/trifluoroacetamide_c000.orcacosmo
oxalic_acid,/home/users/navy030303/software/cosmors_offline/openCOSMO-RS_conformer_pipeline/oxalic_acid/COSMO_TZVPD/oxalic_acid_c000.orcacosmo,malic_acid,/home/users/navy030303/software/cosmors_offline/openCOSMO-RS_conformer_pipeline/malic_acid/COSMO_TZVPD/malic_acid_c000.orcacosmo
oxalic_acid,/home/users/navy030303/software/cosmors_offline/openCOSMO-RS_conformer_pipeline/oxalic_acid/COSMO_TZVPD/oxalic_acid_c000.orcacosmo,tartaric_acid,/home/users/navy030303/software/cosmors_offline/openCOSMO-RS_conformer_pipeline/tartaric_acid/COSMO_TZVPD/tartaric_acid_c000.orcacosmo
oxalic_acid,/home/users/navy030303/software/cosmors_offline/openCOSMO-RS_conformer_pipeline/oxalic_acid/COSMO_TZVPD/oxalic_acid_c000.orcacosmo,glycine,/home/users/navy030303/software/cosmors_offline/openCOSMO-RS_conformer_pipeline/glycine/COSMO_TZVPD/glycine_c000.orcacosmo
oxalic_acid,/home/users/navy030303/software/cosmors_offline/openCOSMO-RS_conformer_pipeline/oxalic_acid/COSMO_TZVPD/oxalic_acid_c000.orcacosmo,d_glucose,/home/users/navy030303/software/cosmors_offline/openCOSMO-RS_conformer_pipeline/d_glucose/COSMO_TZVPD/d_glucose_c000.orcacosmo
oxalic_acid,/home/users/navy030303/software/cosmors_offline/openCOSMO-RS_conformer_pipeline/oxalic_acid/COSMO_TZVPD/oxalic_acid_c000.orcacosmo,d_fructose,/home/users/navy030303/software/cosmors_offline/openCOSMO-RS_conformer_pipeline/d_fructose/COSMO_TZVPD/d_fructose_c000.orcacosmo
oxalic_acid,/home/users/navy030303/software/cosmors_offline/openCOSMO-RS_conformer_pipeline/oxalic_acid/COSMO_TZVPD/oxalic_acid_c000.orcacosmo,sorbitol,/home/users/navy030303/software/cosmors_offline/openCOSMO-RS_conformer_pipeline/sorbitol/COSMO_TZVPD/sorbitol_c000.orcacosmo
oxalic_acid,/home/users/navy030303/software/cosmors_offline/openCOSMO-RS_conformer_pipeline/oxalic_acid/COSMO_TZVPD/oxalic_acid_c000.orcacosmo,trifluoroacetamide,/home/users/navy030303/software/cosmors_offline/openCOSMO-RS_conformer_pipeline/trifluoroacetamide/COSMO_TZVPD/trifluoroacetamide_c000.orcacosmo
malic_acid,/home/users/navy030303/software/cosmors_offline/openCOSMO-RS_conformer_pipeline/malic_acid/COSMO_TZVPD/malic_acid_c000.orcacosmo,tartaric_acid,/home/users/navy030303/software/cosmors_offline/openCOSMO-RS_conformer_pipeline/tartaric_acid/COSMO_TZVPD/tartaric_acid_c000.orcacosmo
malic_acid,/home/users/navy030303/software/cosmors_offline/openCOSMO-RS_conformer_pipeline/malic_acid/COSMO_TZVPD/malic_acid_c000.orcacosmo,glycine,/home/users/navy030303/software/cosmors_offline/openCOSMO-RS_conformer_pipeline/glycine/COSMO_TZVPD/glycine_c000.orcacosmo
malic_acid,/home/users/navy030303/software/cosmors_offline/openCOSMO-RS_conformer_pipeline/malic_acid/COSMO_TZVPD/malic_acid_c000.orcacosmo,d_glucose,/home/users/navy030303/software/cosmors_offline/openCOSMO-RS_conformer_pipeline/d_glucose/COSMO_TZVPD/d_glucose_c000.orcacosmo
malic_acid,/home/users/navy030303/software/cosmors_offline/openCOSMO-RS_conformer_pipeline/malic_acid/COSMO_TZVPD/malic_acid_c000.orcacosmo,d_fructose,/home/users/navy030303/software/cosmors_offline/openCOSMO-RS_conformer_pipeline/d_fructose/COSMO_TZVPD/d_fructose_c000.orcacosmo
malic_acid,/home/users/navy030303/software/cosmors_offline/openCOSMO-RS_conformer_pipeline/malic_acid/COSMO_TZVPD/malic_acid_c000.orcacosmo,sorbitol,/home/users/navy030303/software/cosmors_offline/openCOSMO-RS_conformer_pipeline/sorbitol/COSMO_TZVPD/sorbitol_c000.orcacosmo
malic_acid,/home/users/navy030303/software/cosmors_offline/openCOSMO-RS_conformer_pipeline/malic_acid/COSMO_TZVPD/malic_acid_c000.orcacosmo,trifluoroacetamide,/home/users/navy030303/software/cosmors_offline/openCOSMO-RS_conformer_pipeline/trifluoroacetamide/COSMO_TZVPD/trifluoroacetamide_c000.orcacosmo
tartaric_acid,/home/users/navy030303/software/cosmors_offline/openCOSMO-RS_conformer_pipeline/tartaric_acid/COSMO_TZVPD/tartaric_acid_c000.orcacosmo,glycine,/home/users/navy030303/software/cosmors_offline/openCOSMO-RS_conformer_pipeline/glycine/COSMO_TZVPD/glycine_c000.orcacosmo
tartaric_acid,/home/users/navy030303/software/cosmors_offline/openCOSMO-RS_conformer_pipeline/tartaric_acid/COSMO_TZVPD/tartaric_acid_c000.orcacosmo,d_glucose,/home/users/navy030303/software/cosmors_offline/openCOSMO-RS_conformer_pipeline/d_glucose/COSMO_TZVPD/d_glucose_c000.orcacosmo
tartaric_acid,/home/users/navy030303/software/cosmors_offline/openCOSMO-RS_conformer_pipeline/tartaric_acid/COSMO_TZVPD/tartaric_acid_c000.orcacosmo,d_fructose,/home/users/navy030303/software/cosmors_offline/openCOSMO-RS_conformer_pipeline/d_fructose/COSMO_TZVPD/d_fructose_c000.orcacosmo
tartaric_acid,/home/users/navy030303/software/cosmors_offline/openCOSMO-RS_conformer_pipeline/tartaric_acid/COSMO_TZVPD/tartaric_acid_c000.orcacosmo,sorbitol,/home/users/navy030303/software/cosmors_offline/openCOSMO-RS_conformer_pipeline/sorbitol/COSMO_TZVPD/sorbitol_c000.orcacosmo
tartaric_acid,/home/users/navy030303/software/cosmors_offline/openCOSMO-RS_conformer_pipeline/tartaric_acid/COSMO_TZVPD/tartaric_acid_c000.orcacosmo,trifluoroacetamide,/home/users/navy030303/software/cosmors_offline/openCOSMO-RS_conformer_pipeline/trifluoroacetamide/COSMO_TZVPD/trifluoroacetamide_c000.orcacosmo
glycine,/home/users/navy030303/software/cosmors_offline/openCOSMO-RS_conformer_pipeline/glycine/COSMO_TZVPD/glycine_c000.orcacosmo,d_glucose,/home/users/navy030303/software/cosmors_offline/openCOSMO-RS_conformer_pipeline/d_glucose/COSMO_TZVPD/d_glucose_c000.orcacosmo
glycine,/home/users/navy030303/software/cosmors_offline/openCOSMO-RS_conformer_pipeline/glycine/COSMO_TZVPD/glycine_c000.orcacosmo,d_fructose,/home/users/navy030303/software/cosmors_offline/openCOSMO-RS_conformer_pipeline/d_fructose/COSMO_TZVPD/d_fructose_c000.orcacosmo
glycine,/home/users/navy030303/software/cosmors_offline/openCOSMO-RS_conformer_pipeline/glycine/COSMO_TZVPD/glycine_c000.orcacosmo,sorbitol,/home/users/navy030303/software/cosmors_offline/openCOSMO-RS_conformer_pipeline/sorbitol/COSMO_TZVPD/sorbitol_c000.orcacosmo
glycine,/home/users/navy030303/software/cosmors_offline/openCOSMO-RS_conformer_pipeline/glycine/COSMO_TZVPD/glycine_c000.orcacosmo,trifluoroacetamide,/home/users/navy030303/software/cosmors_offline/openCOSMO-RS_conformer_pipeline/trifluoroacetamide/COSMO_TZVPD/trifluoroacetamide_c000.orcacosmo
d_glucose,/home/users/navy030303/software/cosmors_offline/openCOSMO-RS_conformer_pipeline/d_glucose/COSMO_TZVPD/d_glucose_c000.orcacosmo,d_fructose,/home/users/navy030303/software/cosmors_offline/openCOSMO-RS_conformer_pipeline/d_fructose/COSMO_TZVPD/d_fructose_c000.orcacosmo
d_glucose,/home/users/navy030303/software/cosmors_offline/openCOSMO-RS_conformer_pipeline/d_glucose/COSMO_TZVPD/d_glucose_c000.orcacosmo,sorbitol,/home/users/navy030303/software/cosmors_offline/openCOSMO-RS_conformer_pipeline/sorbitol/COSMO_TZVPD/sorbitol_c000.orcacosmo
d_glucose,/home/users/navy030303/software/cosmors_offline/openCOSMO-RS_conformer_pipeline/d_glucose/COSMO_TZVPD/d_glucose_c000.orcacosmo,trifluoroacetamide,/home/users/navy030303/software/cosmors_offline/openCOSMO-RS_conformer_pipeline/trifluoroacetamide/COSMO_TZVPD/trifluoroacetamide_c000.orcacosmo
d_fructose,/home/users/navy030303/software/cosmors_offline/openCOSMO-RS_conformer_pipeline/d_fructose/COSMO_TZVPD/d_fructose_c000.orcacosmo,sorbitol,/home/users/navy030303/software/cosmors_offline/openCOSMO-RS_conformer_pipeline/sorbitol/COSMO_TZVPD/sorbitol_c000.orcacosmo
d_fructose,/home/users/navy030303/software/cosmors_offline/openCOSMO-RS_conformer_pipeline/d_fructose/COSMO_TZVPD/d_fructose_c000.orcacosmo,trifluoroacetamide,/home/users/navy030303/software/cosmors_offline/openCOSMO-RS_conformer_pipeline/trifluoroacetamide/COSMO_TZVPD/trifluoroacetamide_c000.orcacosmo
sorbitol,/home/users/navy030303/software/cosmors_offline/openCOSMO-RS_conformer_pipeline/sorbitol/COSMO_TZVPD/sorbitol_c000.orcacosmo,trifluoroacetamide,/home/users/navy030303/software/cosmors_offline/openCOSMO-RS_conformer_pipeline/trifluoroacetamide/COSMO_TZVPD/trifluoroacetamide_c000.orcacosmo
