TITLE,
DATA TYPE,ULTRAVIOLET SPECTRUM
ORIGIN,JASCO
OWNER,
DATE,26/09/20
TIME,14:24:05
SPECTROMETER/DATA SYSTEM,
LOCALE,1042
RESOLUTION,
DELTAX,-1
XUNITS,NANOMETERS
YUNITS,ABSORBANCE
FIRSTX,  800.0000
LASTX,  200.0000
NPOINTS,     601
FIRSTY,     0.01145
MAXY,     7.00000
MINY,    -0.47034
XYDATA
800.0000,0.0114532
799.0000,0.00916431
798.0000,-0.0130054
797.0000,-0.00721915
796.0000,0.0165546
795.0000,0.0089734
794.0000,-0.0443386
793.0000,-0.019557
792.0000,0.00163717
791.0000,0.068529
790.0000,0.0367779
789.0000,-0.028306
788.0000,-0.00969048
787.0000,0.011503
786.0000,0.00262182
785.0000,0.00349657
784.0000,-0.0202846
783.0000,-0.0253837
782.0000,-0.0314815
781.0000,-0.0446729
780.0000,-0.00869102
779.0000,0.0447538
778.0000,-0.00798195
777.0000,-0.0377219
776.0000,-0.066824
775.0000,-0.000724382
774.0000,0.0326285
773.0000,0.0133026
772.0000,-0.0372077
771.0000,-0.0304761
770.0000,-0.0252568
769.0000,0.00461847
768.0000,0.029438
767.0000,0.00586784
766.0000,-0.0433588
765.0000,-0.0555697
764.0000,-0.0198469
763.0000,-0.0145291
762.0000,-0.00911156
761.0000,-0.0215516
760.0000,-0.0383562
759.0000,-0.0197747
758.0000,-0.0105199
757.0000,-0.0237155
756.0000,-0.0232758
755.0000,-0.00426822
754.0000,0.00192302
753.0000,0.0205578
752.0000,0.0261895
751.0000,0.00982604
750.0000,0.00203397
749.0000,-0.00985244
748.0000,-0.023147
747.0000,0.00133463
746.0000,-0.0033759
745.0000,-0.0176127
744.0000,-0.00997068
743.0000,0.0014889
742.0000,-0.0182197
741.0000,0.00606201
740.0000,-0.034006
739.0000,-0.0110231
738.0000,-0.00501843
737.0000,-0.0235253
736.0000,-0.0186319
735.0000,0.0167171
734.0000,-0.0111297
733.0000,-0.0238283
732.0000,0.00117796
731.0000,0.000586385
730.0000,-0.011151
729.0000,-0.0152435
728.0000,0.0165549
727.0000,0.0460546
726.0000,0.006409
725.0000,-0.0045714
724.0000,-0.00503055
723.0000,-0.00966827
722.0000,0.0191837
721.0000,0.0126814
720.0000,0.00408777
719.0000,-0.00606076
718.0000,-0.0107018
717.0000,-0.0157562
716.0000,-0.0292699
715.0000,-0.0171509
714.0000,-0.0258878
713.0000,-0.0391566
712.0000,-0.0356632
711.0000,-0.0484992
710.0000,-0.0413877
709.0000,-0.0423961
708.0000,-0.00275371
707.0000,0.0134025
706.0000,-0.0177096
705.0000,-0.0402036
704.0000,-0.0412941
703.0000,-0.0272319
702.0000,-0.0301897
701.0000,-0.0554729
700.0000,-0.0513698
699.0000,-0.0581351
698.0000,-0.0504998
697.0000,-0.0420276
696.0000,-0.0451386
695.0000,-0.0416261
694.0000,-0.041286
693.0000,-0.0239677
692.0000,-0.0439506
691.0000,-0.0571536
690.0000,-0.0548093
689.0000,-0.0618494
688.0000,-0.0632165
687.0000,-0.0532436
686.0000,-0.0357452
685.0000,-0.0287471
684.0000,-0.024326
683.0000,-0.0519789
682.0000,-0.066924
681.0000,-0.0490574
680.0000,-0.0392677
679.0000,-0.0330313
678.0000,-0.0397004
677.0000,-0.0639429
676.0000,-0.0503063
675.0000,-0.0447071
674.0000,-0.0217322
673.0000,-0.0208362
672.0000,-0.0229547
671.0000,-0.0269251
670.0000,-0.0457999
669.0000,-0.0392217
668.0000,-0.0512585
667.0000,-0.0515703
666.0000,-0.0450139
665.0000,-0.0523965
664.0000,-0.0563702
663.0000,-0.0378455
662.0000,-0.0226286
661.0000,-0.0310273
660.0000,-0.046141
659.0000,-0.035832
658.0000,-0.0233537
657.0000,-0.030874
656.0000,-0.0269115
655.0000,-0.0344908
654.0000,-0.0494736
653.0000,-0.0428194
652.0000,-0.0396473
651.0000,-0.00951635
650.0000,-0.00329926
649.0000,-0.0379603
648.0000,-0.0336867
647.0000,-0.0141912
646.0000,-0.022507
645.0000,-0.0340396
644.0000,-0.0375729
643.0000,-0.0212098
642.0000,-0.00792439
641.0000,-0.0254468
640.0000,-0.0163924
639.0000,-0.0125778
638.0000,-0.0195678
637.0000,-0.0178333
636.0000,-0.0257324
635.0000,-0.0395476
634.0000,-0.0160373
633.0000,-0.0359146
632.0000,-0.0449684
631.0000,-0.0236254
630.0000,-0.0262843
629.0000,-0.0423869
628.0000,-0.0483692
627.0000,-0.0258914
626.0000,-0.0339394
625.0000,-0.0354691
624.0000,-0.032646
623.0000,-0.0245357
622.0000,-0.0331845
621.0000,-0.0394661
620.0000,-0.0130961
619.0000,-0.00941134
618.0000,-0.031509
617.0000,-0.00405794
616.0000,-0.0122638
615.0000,-0.0353614
614.0000,-0.0226301
613.0000,-0.0114433
612.0000,-0.0342272
611.0000,-0.017967
610.0000,-0.0108014
609.0000,-0.0497914
608.0000,-0.0276082
607.0000,-0.0188589
606.0000,-0.0293293
605.0000,-0.0211256
604.0000,-0.0239324
603.0000,-0.0294249
602.0000,-0.0388754
601.0000,-0.0279594
600.0000,-0.00164396
599.0000,-0.00273796
598.0000,-0.0366307
597.0000,-0.0272899
596.0000,-0.0123009
595.0000,-0.00592492
594.0000,-0.0176251
593.0000,-0.0414067
592.0000,-0.0294628
591.0000,0.00176291
590.0000,-0.00787322
589.0000,-0.0142781
588.0000,-0.0101906
587.0000,-0.00438101
586.0000,0.00245269
585.0000,-0.0225588
584.0000,-0.0177387
583.0000,-0.000713372
582.0000,-0.00906258
581.0000,0.0134531
580.0000,0.00195973
579.0000,0.00624363
578.0000,-0.0189356
577.0000,-0.0198475
576.0000,-0.00290133
575.0000,-0.010956
574.0000,-0.0123434
573.0000,-0.00410682
572.0000,-0.0222511
571.0000,-0.017789
570.0000,-0.0113383
569.0000,-0.0173154
568.0000,-0.0258074
567.0000,-0.00966218
566.0000,-0.0227766
565.0000,-0.0214311
564.0000,-0.00521044
563.0000,0.0076347
562.0000,0.00545781
561.0000,0.00335112
560.0000,-0.00788452
559.0000,-0.0131251
558.0000,-0.0149341
557.0000,-0.00922166
556.0000,0.0121442
555.0000,0.0128636
554.0000,-0.0207793
553.0000,-0.0170888
552.0000,-0.026617
551.0000,-0.0142535
550.0000,-0.000793801
549.0000,-0.016779
548.0000,-0.0204175
547.0000,-0.00796911
546.0000,0.0074907
545.0000,0.0025932
544.0000,-0.00332147
543.0000,0.00320257
542.0000,-0.00832521
541.0000,-0.0243453
540.0000,-0.0252002
539.0000,-0.018637
538.0000,-0.0250677
537.0000,-0.00279076
536.0000,0.00302057
535.0000,-0.0186663
534.0000,-0.0177745
533.0000,-0.019596
532.0000,-0.00546354
531.0000,-0.0124656
530.0000,-0.0218515
529.0000,-0.0177485
528.0000,0.000476446
527.0000,0.0173061
526.0000,-0.00526694
525.0000,-0.0136088
524.0000,-0.0149975
523.0000,-0.0217687
522.0000,-0.00900959
521.0000,-0.00716413
520.0000,-0.0268358
519.0000,-0.00564467
518.0000,-0.0108982
517.0000,-0.00103653
516.0000,-0.00556234
515.0000,0.00211945
514.0000,0.0160047
513.0000,0.00439949
512.0000,0.0166877
511.0000,-0.00416509
510.0000,-0.00285888
509.0000,-0.0317157
508.0000,-0.0158609
507.0000,-0.00703326
506.0000,-0.00993596
505.0000,-0.0050219
504.0000,-0.0390207
503.0000,-0.011654
502.0000,-0.00108075
501.0000,-0.00578935
500.0000,-0.00765238
499.0000,-0.00798618
498.0000,-0.0116864
497.0000,-0.00277257
496.0000,-0.022535
495.0000,-0.00157801
494.0000,-0.00830119
493.0000,-0.0199315
492.0000,-0.0124018
491.0000,0.00230088
490.0000,-0.00780469
489.0000,0.00535134
488.0000,-0.00727084
487.0000,-0.0196718
486.0000,-0.0253188
485.0000,-0.0130034
484.0000,-0.00927512
483.0000,-0.00220917
482.0000,-0.00886188
481.0000,0.000707482
480.0000,-0.00363206
479.0000,-0.014233
478.0000,-0.0195503
477.0000,-0.00597578
476.0000,-0.0144602
475.0000,-0.0172571
474.0000,-0.0197773
473.0000,-0.0203139
472.0000,-0.0107191
471.0000,-0.00474586
470.0000,-0.0266481
469.0000,-0.0247722
468.0000,-0.0177997
467.0000,-0.00764136
466.0000,-0.00261104
465.0000,-0.00135523
464.0000,-0.00763866
463.0000,-0.0411408
462.0000,-0.0237251
461.0000,-0.0122276
460.0000,-0.0158441
459.0000,-0.0146581
458.0000,-0.0126981
457.0000,0.000189154
456.0000,0.00344624
455.0000,0.00126397
454.0000,-0.00762167
453.0000,-0.00960329
452.0000,0.00564308
451.0000,0.00218475
450.0000,-0.0155829
449.0000,-0.0157831
448.0000,-0.0212999
447.0000,-0.0301552
446.0000,-0.0236761
445.0000,-0.00711745
444.0000,-0.0156235
443.0000,-0.0242974
442.0000,-0.0208476
441.0000,-0.00823317
440.0000,0.0128587
439.0000,0.00187109
438.0000,0.00293028
437.0000,0.00786007
436.0000,5.21826E-005
435.0000,-0.00622011
434.0000,-0.0278253
433.0000,-0.047165
432.0000,-0.0122865
431.0000,-0.0144582
430.0000,-0.00589956
429.0000,-0.00209388
428.0000,-0.050223
427.0000,-0.0359126
426.0000,-0.028799
425.0000,-0.000676393
424.0000,0.00316263
423.0000,0.0166789
422.0000,0.00237457
421.0000,-0.00602091
420.0000,0.0146922
419.0000,-0.036445
418.0000,-0.00936996
417.0000,0.00804087
416.0000,-0.0275846
415.0000,-0.00954182
414.0000,-0.035014
413.0000,-0.0489052
412.0000,-0.0137999
411.0000,-0.0221201
410.0000,-0.0407076
409.0000,-0.0370956
408.0000,0.00750858
407.0000,-0.00928597
406.0000,-0.0504803
405.0000,-0.0422117
404.0000,-0.0204101
403.0000,-0.000496767
402.0000,0.0285641
401.0000,0.016963
400.0000,-0.00622089
399.0000,0.0390757
398.0000,-0.00381115
397.0000,0.0157095
396.0000,-0.00243476
395.0000,-0.030894
394.0000,-0.0521375
393.0000,-0.00210817
392.0000,0.00173619
391.0000,-0.0177747
390.0000,-0.0226507
389.0000,-0.0332695
388.0000,-0.045322
387.0000,-0.039165
386.0000,0.00260258
385.0000,-0.0510867
384.0000,-0.0462249
383.0000,-0.0539295
382.0000,-0.0598871
381.0000,-0.0111874
380.0000,-0.0240492
379.0000,-0.0168421
378.0000,0.0239929
377.0000,-0.0171454
376.0000,-0.0295698
375.0000,-0.0501351
374.0000,-0.0633717
373.0000,-0.00307881
372.0000,0.0200747
371.0000,0.00488486
370.0000,0.0980454
369.0000,-0.0776467
368.0000,-0.0671806
367.0000,-0.0704605
366.0000,0.0167102
365.0000,-0.020946
364.0000,0.128188
363.0000,0.144831
362.0000,0.0178068
361.0000,0.0547535
360.0000,0.0489097
359.0000,-0.013105
358.0000,-0.0502196
357.0000,0.0243438
356.0000,-0.0898805
355.0000,-0.144777
354.0000,-0.0868758
353.0000,0.0210308
352.0000,-0.0344144
351.0000,0.136104
350.0000,0.305575
349.0000,-0.00463924
348.0000,-0.0702279
347.0000,-0.0154454
346.0000,-0.0668053
345.0000,0.12903
344.0000,0.272163
343.0000,0.144613
342.0000,0.0833973
341.0000,-0.470343
340.0000,-0.0597954
339.0000,0.00116123
338.0000,0.0563755
337.0000,-0.0218822
336.0000,0.00948735
335.0000,-0.0320957
334.0000,-0.0184775
333.0000,-0.0413616
332.0000,0.0134918
331.0000,0.0566753
330.0000,0.0368777
329.0000,-0.0186956
328.0000,0.0353245
327.0000,0.00152568
326.0000,-0.0191572
325.0000,-0.00348683
324.0000,0.0189972
323.0000,-0.067939
322.0000,-0.0369709
321.0000,0.0497957
320.0000,0.0193103
319.0000,-0.00442794
318.0000,-0.00926192
317.0000,-0.0228392
316.0000,-0.0330509
315.0000,0.0398453
314.0000,0.0832359
313.0000,0.0669874
312.0000,-0.00696528
311.0000,0.00133954
310.0000,0.062767
309.0000,-0.017107
308.0000,-0.0137031
307.0000,-0.0140714
306.0000,0.016081
305.0000,0.0878521
304.0000,-0.017803
303.0000,-0.0256613
302.0000,0.0553399
301.0000,0.0425537
300.0000,0.0290518
299.0000,0.0203547
298.0000,0.0102696
297.0000,-0.0451243
296.0000,0.0150651
295.0000,0.062405
294.0000,0.0673075
293.0000,0.0327241
292.0000,0.0140107
291.0000,-0.0139219
290.0000,0.0219553
289.0000,0.0297495
288.0000,0.00362407
287.0000,0.0113954
286.0000,-0.0164684
285.0000,-0.00998229
284.0000,-0.0254122
283.0000,-0.0284183
282.0000,-0.0599359
281.0000,-0.0357265
280.0000,0.00622214
279.0000,-0.014505
278.0000,-0.0107068
277.0000,0.0138627
276.0000,-0.0208861
275.0000,-0.0916454
274.0000,-0.0461253
273.0000,0.0302543
272.0000,0.0481059
271.0000,0.0203801
270.0000,-0.0428507
269.0000,0.0114456
268.0000,-0.014514
267.0000,-0.0529172
266.0000,-0.00375954
265.0000,0.00417783
264.0000,0.0159467
263.0000,0.0566207
262.0000,-0.0196473
261.0000,0.0255772
260.0000,-0.0103508
259.0000,-0.0440449
258.0000,-0.006882
257.0000,0.0128155
256.0000,-0.102989
255.0000,-0.0874474
254.0000,-0.0211756
253.0000,-0.00187471
252.0000,0.0321545
251.0000,0.0256455
250.0000,0.0703374
249.0000,0.113967
248.0000,0.126893
247.0000,0.0770656
246.0000,0.157055
245.0000,0.135556
244.0000,0.101666
243.0000,0.108017
242.0000,0.22549
241.0000,0.207865
240.0000,0.204493
239.0000,0.160841
238.0000,0.171431
237.0000,0.143515
236.0000,0.143294
235.0000,0.080996
234.0000,0.216183
233.0000,0.170474
232.0000,0.136106
231.0000,0.191948
230.0000,0.120339
229.0000,0.376931
228.0000,0.406542
227.0000,0.3738
226.0000,0.23863
225.0000,0.178796
224.0000,0.221355
223.0000,0.0671957
222.0000,0.206497
221.0000,0.41674
220.0000,0.182642
219.0000,0.666784
218.0000,0.526805
217.0000,0.370466
216.0000,0.0367091
215.0000,0.21989
214.0000,1.32132
213.0000,7
212.0000,7
211.0000,7
210.0000,-0.0635575
209.0000,-0.0086409
208.0000,1.35328
207.0000,7
206.0000,1.34656
205.0000,-0.0610912
204.0000,0.0511819
203.0000,7
202.0000,7
201.0000,7
200.0000,7

##### Extended Information
[Comments]
Sample name
Comment
User
Division
Company,KHU

[Detailed Information]
Creation date,2026-09-20 오후 2:24

Data array type,Linear data array
Horizontal axis,Wavelength [nm]
Vertical axis,Abs
Start,800 nm
End,200 nm
Data interval,1 nm
Data points,601     

[Measurement Information]
Instrument name,V-650
Model name,V-650
Serial No.,B095161150

Measurement date,2026-09-20 오후 2:23

Photometric mode,Abs
Measurement range,800 - 200 nm
Data interval,1 nm
Bandwidth,5.0 nm
Response,Fast
Scan speed,400 nm/min
Change source at,340 nm
Light source,D2/WI
Filter exchange,Step
Correction,Baseline

